rowid_test,counterfactual_rank,variable,value,row_type,type,dataset_name,syn_name,run_model,model_name,timestamp
1342,1,parents,great_pret,cf,syn,nursery,CTGAN,8,xgboost,2025-02-28 09:19:45
1342,2,parents,great_pret,cf,syn,nursery,CTGAN,8,xgboost,2025-02-28 09:19:45
1342,3,parents,great_pret,cf,syn,nursery,CTGAN,8,xgboost,2025-02-28 09:19:45
1342,4,parents,great_pret,cf,syn,nursery,CTGAN,8,xgboost,2025-02-28 09:19:45
1342,5,parents,great_pret,cf,syn,nursery,CTGAN,8,xgboost,2025-02-28 09:19:45
1342,6,parents,great_pret,cf,syn,nursery,CTGAN,8,xgboost,2025-02-28 09:19:45
1342,7,parents,great_pret,cf,syn,nursery,CTGAN,8,xgboost,2025-02-28 09:19:45
1342,8,parents,great_pret,cf,syn,nursery,CTGAN,8,xgboost,2025-02-28 09:19:45
1342,9,parents,great_pret,cf,syn,nursery,CTGAN,8,xgboost,2025-02-28 09:19:45
1342,10,parents,great_pret,cf,syn,nursery,CTGAN,8,xgboost,2025-02-28 09:19:45
1342,11,parents,great_pret,cf,syn,nursery,CTGAN,8,xgboost,2025-02-28 09:19:45
1342,12,parents,great_pret,cf,syn,nursery,CTGAN,8,xgboost,2025-02-28 09:19:45
1342,13,parents,great_pret,cf,syn,nursery,CTGAN,8,xgboost,2025-02-28 09:19:45
1342,14,parents,great_pret,cf,syn,nursery,CTGAN,8,xgboost,2025-02-28 09:19:45
1342,15,parents,great_pret,cf,syn,nursery,CTGAN,8,xgboost,2025-02-28 09:19:45
1342,16,parents,great_pret,cf,syn,nursery,CTGAN,8,xgboost,2025-02-28 09:19:45
1342,17,parents,great_pret,cf,syn,nursery,CTGAN,8,xgboost,2025-02-28 09:19:45
1342,18,parents,great_pret,cf,syn,nursery,CTGAN,8,xgboost,2025-02-28 09:19:45
1342,19,parents,great_pret,cf,syn,nursery,CTGAN,8,xgboost,2025-02-28 09:19:45
1342,20,parents,usual,cf,syn,nursery,CTGAN,8,xgboost,2025-02-28 09:19:45
1342,21,parents,great_pret,cf,syn,nursery,CTGAN,8,xgboost,2025-02-28 09:19:45
1342,22,parents,pretentious,cf,syn,nursery,CTGAN,8,xgboost,2025-02-28 09:19:45
1342,23,parents,great_pret,cf,syn,nursery,CTGAN,8,xgboost,2025-02-28 09:19:45
1342,24,parents,great_pret,cf,syn,nursery,CTGAN,8,xgboost,2025-02-28 09:19:45
1342,25,parents,pretentious,cf,syn,nursery,CTGAN,8,xgboost,2025-02-28 09:19:45
1342,26,parents,great_pret,cf,syn,nursery,CTGAN,8,xgboost,2025-02-28 09:19:45
1342,27,parents,great_pret,cf,syn,nursery,CTGAN,8,xgboost,2025-02-28 09:19:45
1342,28,parents,great_pret,cf,syn,nursery,CTGAN,8,xgboost,2025-02-28 09:19:45
1342,29,parents,great_pret,cf,syn,nursery,CTGAN,8,xgboost,2025-02-28 09:19:45
1342,30,parents,pretentious,cf,syn,nursery,CTGAN,8,xgboost,2025-02-28 09:19:45
1342,31,parents,great_pret,cf,syn,nursery,CTGAN,8,xgboost,2025-02-28 09:19:45
1342,32,parents,great_pret,cf,syn,nursery,CTGAN,8,xgboost,2025-02-28 09:19:45
1342,33,parents,great_pret,cf,syn,nursery,CTGAN,8,xgboost,2025-02-28 09:19:45
1342,34,parents,great_pret,cf,syn,nursery,CTGAN,8,xgboost,2025-02-28 09:19:45
1342,35,parents,great_pret,cf,syn,nursery,CTGAN,8,xgboost,2025-02-28 09:19:45
1342,36,parents,usual,cf,syn,nursery,CTGAN,8,xgboost,2025-02-28 09:19:45
1342,37,parents,great_pret,cf,syn,nursery,CTGAN,8,xgboost,2025-02-28 09:19:45
1342,38,parents,pretentious,cf,syn,nursery,CTGAN,8,xgboost,2025-02-28 09:19:45
1342,39,parents,great_pret,cf,syn,nursery,CTGAN,8,xgboost,2025-02-28 09:19:45
1342,40,parents,great_pret,cf,syn,nursery,CTGAN,8,xgboost,2025-02-28 09:19:45
1342,41,parents,usual,cf,syn,nursery,CTGAN,8,xgboost,2025-02-28 09:19:45
1342,42,parents,great_pret,cf,syn,nursery,CTGAN,8,xgboost,2025-02-28 09:19:45
1342,43,parents,great_pret,cf,syn,nursery,CTGAN,8,xgboost,2025-02-28 09:19:45
1342,44,parents,great_pret,cf,syn,nursery,CTGAN,8,xgboost,2025-02-28 09:19:45
1342,45,parents,pretentious,cf,syn,nursery,CTGAN,8,xgboost,2025-02-28 09:19:45
1342,46,parents,pretentious,cf,syn,nursery,CTGAN,8,xgboost,2025-02-28 09:19:45
1342,47,parents,pretentious,cf,syn,nursery,CTGAN,8,xgboost,2025-02-28 09:19:45
1342,48,parents,pretentious,cf,syn,nursery,CTGAN,8,xgboost,2025-02-28 09:19:45
1342,49,parents,great_pret,cf,syn,nursery,CTGAN,8,xgboost,2025-02-28 09:19:45
1342,50,parents,usual,cf,syn,nursery,CTGAN,8,xgboost,2025-02-28 09:19:45
1342,51,parents,pretentious,cf,syn,nursery,CTGAN,8,xgboost,2025-02-28 09:19:45
1342,52,parents,great_pret,cf,syn,nursery,CTGAN,8,xgboost,2025-02-28 09:19:45
1342,53,parents,pretentious,cf,syn,nursery,CTGAN,8,xgboost,2025-02-28 09:19:45
1342,54,parents,usual,cf,syn,nursery,CTGAN,8,xgboost,2025-02-28 09:19:45
1342,55,parents,great_pret,cf,syn,nursery,CTGAN,8,xgboost,2025-02-28 09:19:45
1342,56,parents,great_pret,cf,syn,nursery,CTGAN,8,xgboost,2025-02-28 09:19:45
1342,57,parents,great_pret,cf,syn,nursery,CTGAN,8,xgboost,2025-02-28 09:19:45
1342,58,parents,great_pret,cf,syn,nursery,CTGAN,8,xgboost,2025-02-28 09:19:45
1342,59,parents,great_pret,cf,syn,nursery,CTGAN,8,xgboost,2025-02-28 09:19:45
1342,60,parents,great_pret,cf,syn,nursery,CTGAN,8,xgboost,2025-02-28 09:19:45
1342,61,parents,great_pret,cf,syn,nursery,CTGAN,8,xgboost,2025-02-28 09:19:45
1342,62,parents,usual,cf,syn,nursery,CTGAN,8,xgboost,2025-02-28 09:19:45
1342,63,parents,great_pret,cf,syn,nursery,CTGAN,8,xgboost,2025-02-28 09:19:45
1342,64,parents,pretentious,cf,syn,nursery,CTGAN,8,xgboost,2025-02-28 09:19:45
1342,65,parents,great_pret,cf,syn,nursery,CTGAN,8,xgboost,2025-02-28 09:19:45
1342,66,parents,great_pret,cf,syn,nursery,CTGAN,8,xgboost,2025-02-28 09:19:45
1342,67,parents,pretentious,cf,syn,nursery,CTGAN,8,xgboost,2025-02-28 09:19:45
1342,68,parents,great_pret,cf,syn,nursery,CTGAN,8,xgboost,2025-02-28 09:19:45
1342,69,parents,usual,cf,syn,nursery,CTGAN,8,xgboost,2025-02-28 09:19:45
1342,70,parents,great_pret,cf,syn,nursery,CTGAN,8,xgboost,2025-02-28 09:19:45
1342,71,parents,great_pret,cf,syn,nursery,CTGAN,8,xgboost,2025-02-28 09:19:45
1342,72,parents,pretentious,cf,syn,nursery,CTGAN,8,xgboost,2025-02-28 09:19:45
1342,73,parents,great_pret,cf,syn,nursery,CTGAN,8,xgboost,2025-02-28 09:19:45
1342,74,parents,great_pret,cf,syn,nursery,CTGAN,8,xgboost,2025-02-28 09:19:45
1342,75,parents,pretentious,cf,syn,nursery,CTGAN,8,xgboost,2025-02-28 09:19:45
1342,76,parents,great_pret,cf,syn,nursery,CTGAN,8,xgboost,2025-02-28 09:19:45
1342,77,parents,pretentious,cf,syn,nursery,CTGAN,8,xgboost,2025-02-28 09:19:45
1342,78,parents,great_pret,cf,syn,nursery,CTGAN,8,xgboost,2025-02-28 09:19:45
1342,79,parents,usual,cf,syn,nursery,CTGAN,8,xgboost,2025-02-28 09:19:45
1342,80,parents,pretentious,cf,syn,nursery,CTGAN,8,xgboost,2025-02-28 09:19:45
1342,81,parents,pretentious,cf,syn,nursery,CTGAN,8,xgboost,2025-02-28 09:19:45
1342,82,parents,great_pret,cf,syn,nursery,CTGAN,8,xgboost,2025-02-28 09:19:45
1342,83,parents,pretentious,cf,syn,nursery,CTGAN,8,xgboost,2025-02-28 09:19:45
1342,84,parents,pretentious,cf,syn,nursery,CTGAN,8,xgboost,2025-02-28 09:19:45
1342,85,parents,pretentious,cf,syn,nursery,CTGAN,8,xgboost,2025-02-28 09:19:45
1342,86,parents,great_pret,cf,syn,nursery,CTGAN,8,xgboost,2025-02-28 09:19:45
1342,87,parents,great_pret,cf,syn,nursery,CTGAN,8,xgboost,2025-02-28 09:19:45
1342,88,parents,great_pret,cf,syn,nursery,CTGAN,8,xgboost,2025-02-28 09:19:45
1342,89,parents,great_pret,cf,syn,nursery,CTGAN,8,xgboost,2025-02-28 09:19:45
1342,90,parents,great_pret,cf,syn,nursery,CTGAN,8,xgboost,2025-02-28 09:19:45
1342,91,parents,great_pret,cf,syn,nursery,CTGAN,8,xgboost,2025-02-28 09:19:45
1342,92,parents,great_pret,cf,syn,nursery,CTGAN,8,xgboost,2025-02-28 09:19:45
1342,93,parents,pretentious,cf,syn,nursery,CTGAN,8,xgboost,2025-02-28 09:19:45
1342,94,parents,great_pret,cf,syn,nursery,CTGAN,8,xgboost,2025-02-28 09:19:45
1342,95,parents,pretentious,cf,syn,nursery,CTGAN,8,xgboost,2025-02-28 09:19:45
1342,96,parents,great_pret,cf,syn,nursery,CTGAN,8,xgboost,2025-02-28 09:19:45
1342,97,parents,pretentious,cf,syn,nursery,CTGAN,8,xgboost,2025-02-28 09:19:45
1342,98,parents,great_pret,cf,syn,nursery,CTGAN,8,xgboost,2025-02-28 09:19:45
1342,99,parents,great_pret,cf,syn,nursery,CTGAN,8,xgboost,2025-02-28 09:19:45
1342,100,parents,usual,cf,syn,nursery,CTGAN,8,xgboost,2025-02-28 09:19:45
1342,1,has_nurs,critical,cf,syn,nursery,CTGAN,8,xgboost,2025-02-28 09:19:45
1342,2,has_nurs,critical,cf,syn,nursery,CTGAN,8,xgboost,2025-02-28 09:19:45
1342,3,has_nurs,critical,cf,syn,nursery,CTGAN,8,xgboost,2025-02-28 09:19:45
1342,4,has_nurs,critical,cf,syn,nursery,CTGAN,8,xgboost,2025-02-28 09:19:45
1342,5,has_nurs,critical,cf,syn,nursery,CTGAN,8,xgboost,2025-02-28 09:19:45
1342,6,has_nurs,critical,cf,syn,nursery,CTGAN,8,xgboost,2025-02-28 09:19:45
1342,7,has_nurs,critical,cf,syn,nursery,CTGAN,8,xgboost,2025-02-28 09:19:45
1342,8,has_nurs,critical,cf,syn,nursery,CTGAN,8,xgboost,2025-02-28 09:19:45
1342,9,has_nurs,critical,cf,syn,nursery,CTGAN,8,xgboost,2025-02-28 09:19:45
1342,10,has_nurs,critical,cf,syn,nursery,CTGAN,8,xgboost,2025-02-28 09:19:45
1342,11,has_nurs,critical,cf,syn,nursery,CTGAN,8,xgboost,2025-02-28 09:19:45
1342,12,has_nurs,critical,cf,syn,nursery,CTGAN,8,xgboost,2025-02-28 09:19:45
1342,13,has_nurs,critical,cf,syn,nursery,CTGAN,8,xgboost,2025-02-28 09:19:45
1342,14,has_nurs,critical,cf,syn,nursery,CTGAN,8,xgboost,2025-02-28 09:19:45
1342,15,has_nurs,critical,cf,syn,nursery,CTGAN,8,xgboost,2025-02-28 09:19:45
1342,16,has_nurs,critical,cf,syn,nursery,CTGAN,8,xgboost,2025-02-28 09:19:45
1342,17,has_nurs,critical,cf,syn,nursery,CTGAN,8,xgboost,2025-02-28 09:19:45
1342,18,has_nurs,critical,cf,syn,nursery,CTGAN,8,xgboost,2025-02-28 09:19:45
1342,19,has_nurs,critical,cf,syn,nursery,CTGAN,8,xgboost,2025-02-28 09:19:45
1342,20,has_nurs,critical,cf,syn,nursery,CTGAN,8,xgboost,2025-02-28 09:19:45
1342,21,has_nurs,critical,cf,syn,nursery,CTGAN,8,xgboost,2025-02-28 09:19:45
1342,22,has_nurs,critical,cf,syn,nursery,CTGAN,8,xgboost,2025-02-28 09:19:45
1342,23,has_nurs,critical,cf,syn,nursery,CTGAN,8,xgboost,2025-02-28 09:19:45
1342,24,has_nurs,critical,cf,syn,nursery,CTGAN,8,xgboost,2025-02-28 09:19:45
1342,25,has_nurs,critical,cf,syn,nursery,CTGAN,8,xgboost,2025-02-28 09:19:45
1342,26,has_nurs,critical,cf,syn,nursery,CTGAN,8,xgboost,2025-02-28 09:19:45
1342,27,has_nurs,critical,cf,syn,nursery,CTGAN,8,xgboost,2025-02-28 09:19:45
1342,28,has_nurs,critical,cf,syn,nursery,CTGAN,8,xgboost,2025-02-28 09:19:45
1342,29,has_nurs,critical,cf,syn,nursery,CTGAN,8,xgboost,2025-02-28 09:19:45
1342,30,has_nurs,very_crit,cf,syn,nursery,CTGAN,8,xgboost,2025-02-28 09:19:45
1342,31,has_nurs,critical,cf,syn,nursery,CTGAN,8,xgboost,2025-02-28 09:19:45
1342,32,has_nurs,critical,cf,syn,nursery,CTGAN,8,xgboost,2025-02-28 09:19:45
1342,33,has_nurs,critical,cf,syn,nursery,CTGAN,8,xgboost,2025-02-28 09:19:45
1342,34,has_nurs,critical,cf,syn,nursery,CTGAN,8,xgboost,2025-02-28 09:19:45
1342,35,has_nurs,critical,cf,syn,nursery,CTGAN,8,xgboost,2025-02-28 09:19:45
1342,36,has_nurs,critical,cf,syn,nursery,CTGAN,8,xgboost,2025-02-28 09:19:45
1342,37,has_nurs,critical,cf,syn,nursery,CTGAN,8,xgboost,2025-02-28 09:19:45
1342,38,has_nurs,critical,cf,syn,nursery,CTGAN,8,xgboost,2025-02-28 09:19:45
1342,39,has_nurs,critical,cf,syn,nursery,CTGAN,8,xgboost,2025-02-28 09:19:45
1342,40,has_nurs,critical,cf,syn,nursery,CTGAN,8,xgboost,2025-02-28 09:19:45
1342,41,has_nurs,very_crit,cf,syn,nursery,CTGAN,8,xgboost,2025-02-28 09:19:45
1342,42,has_nurs,critical,cf,syn,nursery,CTGAN,8,xgboost,2025-02-28 09:19:45
1342,43,has_nurs,critical,cf,syn,nursery,CTGAN,8,xgboost,2025-02-28 09:19:45
1342,44,has_nurs,improper,cf,syn,nursery,CTGAN,8,xgboost,2025-02-28 09:19:45
1342,45,has_nurs,critical,cf,syn,nursery,CTGAN,8,xgboost,2025-02-28 09:19:45
1342,46,has_nurs,critical,cf,syn,nursery,CTGAN,8,xgboost,2025-02-28 09:19:45
1342,47,has_nurs,critical,cf,syn,nursery,CTGAN,8,xgboost,2025-02-28 09:19:45
1342,48,has_nurs,critical,cf,syn,nursery,CTGAN,8,xgboost,2025-02-28 09:19:45
1342,49,has_nurs,critical,cf,syn,nursery,CTGAN,8,xgboost,2025-02-28 09:19:45
1342,50,has_nurs,critical,cf,syn,nursery,CTGAN,8,xgboost,2025-02-28 09:19:45
1342,51,has_nurs,very_crit,cf,syn,nursery,CTGAN,8,xgboost,2025-02-28 09:19:45
1342,52,has_nurs,critical,cf,syn,nursery,CTGAN,8,xgboost,2025-02-28 09:19:45
1342,53,has_nurs,critical,cf,syn,nursery,CTGAN,8,xgboost,2025-02-28 09:19:45
1342,54,has_nurs,critical,cf,syn,nursery,CTGAN,8,xgboost,2025-02-28 09:19:45
1342,55,has_nurs,critical,cf,syn,nursery,CTGAN,8,xgboost,2025-02-28 09:19:45
1342,56,has_nurs,critical,cf,syn,nursery,CTGAN,8,xgboost,2025-02-28 09:19:45
1342,57,has_nurs,critical,cf,syn,nursery,CTGAN,8,xgboost,2025-02-28 09:19:45
1342,58,has_nurs,critical,cf,syn,nursery,CTGAN,8,xgboost,2025-02-28 09:19:45
1342,59,has_nurs,critical,cf,syn,nursery,CTGAN,8,xgboost,2025-02-28 09:19:45
1342,60,has_nurs,critical,cf,syn,nursery,CTGAN,8,xgboost,2025-02-28 09:19:45
1342,61,has_nurs,critical,cf,syn,nursery,CTGAN,8,xgboost,2025-02-28 09:19:45
1342,62,has_nurs,critical,cf,syn,nursery,CTGAN,8,xgboost,2025-02-28 09:19:45
1342,63,has_nurs,critical,cf,syn,nursery,CTGAN,8,xgboost,2025-02-28 09:19:45
1342,64,has_nurs,critical,cf,syn,nursery,CTGAN,8,xgboost,2025-02-28 09:19:45
1342,65,has_nurs,critical,cf,syn,nursery,CTGAN,8,xgboost,2025-02-28 09:19:45
1342,66,has_nurs,critical,cf,syn,nursery,CTGAN,8,xgboost,2025-02-28 09:19:45
1342,67,has_nurs,critical,cf,syn,nursery,CTGAN,8,xgboost,2025-02-28 09:19:45
1342,68,has_nurs,critical,cf,syn,nursery,CTGAN,8,xgboost,2025-02-28 09:19:45
1342,69,has_nurs,critical,cf,syn,nursery,CTGAN,8,xgboost,2025-02-28 09:19:45
1342,70,has_nurs,critical,cf,syn,nursery,CTGAN,8,xgboost,2025-02-28 09:19:45
1342,71,has_nurs,critical,cf,syn,nursery,CTGAN,8,xgboost,2025-02-28 09:19:45
1342,72,has_nurs,very_crit,cf,syn,nursery,CTGAN,8,xgboost,2025-02-28 09:19:45
1342,73,has_nurs,critical,cf,syn,nursery,CTGAN,8,xgboost,2025-02-28 09:19:45
1342,74,has_nurs,critical,cf,syn,nursery,CTGAN,8,xgboost,2025-02-28 09:19:45
1342,75,has_nurs,critical,cf,syn,nursery,CTGAN,8,xgboost,2025-02-28 09:19:45
1342,76,has_nurs,critical,cf,syn,nursery,CTGAN,8,xgboost,2025-02-28 09:19:45
1342,77,has_nurs,critical,cf,syn,nursery,CTGAN,8,xgboost,2025-02-28 09:19:45
1342,78,has_nurs,improper,cf,syn,nursery,CTGAN,8,xgboost,2025-02-28 09:19:45
1342,79,has_nurs,critical,cf,syn,nursery,CTGAN,8,xgboost,2025-02-28 09:19:45
1342,80,has_nurs,critical,cf,syn,nursery,CTGAN,8,xgboost,2025-02-28 09:19:45
1342,81,has_nurs,critical,cf,syn,nursery,CTGAN,8,xgboost,2025-02-28 09:19:45
1342,82,has_nurs,critical,cf,syn,nursery,CTGAN,8,xgboost,2025-02-28 09:19:45
1342,83,has_nurs,critical,cf,syn,nursery,CTGAN,8,xgboost,2025-02-28 09:19:45
1342,84,has_nurs,critical,cf,syn,nursery,CTGAN,8,xgboost,2025-02-28 09:19:45
1342,85,has_nurs,critical,cf,syn,nursery,CTGAN,8,xgboost,2025-02-28 09:19:45
1342,86,has_nurs,critical,cf,syn,nursery,CTGAN,8,xgboost,2025-02-28 09:19:45
1342,87,has_nurs,improper,cf,syn,nursery,CTGAN,8,xgboost,2025-02-28 09:19:45
1342,88,has_nurs,critical,cf,syn,nursery,CTGAN,8,xgboost,2025-02-28 09:19:45
1342,89,has_nurs,critical,cf,syn,nursery,CTGAN,8,xgboost,2025-02-28 09:19:45
1342,90,has_nurs,critical,cf,syn,nursery,CTGAN,8,xgboost,2025-02-28 09:19:45
1342,91,has_nurs,critical,cf,syn,nursery,CTGAN,8,xgboost,2025-02-28 09:19:45
1342,92,has_nurs,critical,cf,syn,nursery,CTGAN,8,xgboost,2025-02-28 09:19:45
1342,93,has_nurs,critical,cf,syn,nursery,CTGAN,8,xgboost,2025-02-28 09:19:45
1342,94,has_nurs,less_proper,cf,syn,nursery,CTGAN,8,xgboost,2025-02-28 09:19:45
1342,95,has_nurs,critical,cf,syn,nursery,CTGAN,8,xgboost,2025-02-28 09:19:45
1342,96,has_nurs,proper,cf,syn,nursery,CTGAN,8,xgboost,2025-02-28 09:19:45
1342,97,has_nurs,critical,cf,syn,nursery,CTGAN,8,xgboost,2025-02-28 09:19:45
1342,98,has_nurs,critical,cf,syn,nursery,CTGAN,8,xgboost,2025-02-28 09:19:45
1342,99,has_nurs,critical,cf,syn,nursery,CTGAN,8,xgboost,2025-02-28 09:19:45
1342,100,has_nurs,critical,cf,syn,nursery,CTGAN,8,xgboost,2025-02-28 09:19:45
1342,1,form,complete,cf,syn,nursery,CTGAN,8,xgboost,2025-02-28 09:19:45
1342,2,form,complete,cf,syn,nursery,CTGAN,8,xgboost,2025-02-28 09:19:45
1342,3,form,complete,cf,syn,nursery,CTGAN,8,xgboost,2025-02-28 09:19:45
1342,4,form,complete,cf,syn,nursery,CTGAN,8,xgboost,2025-02-28 09:19:45
1342,5,form,complete,cf,syn,nursery,CTGAN,8,xgboost,2025-02-28 09:19:45
1342,6,form,complete,cf,syn,nursery,CTGAN,8,xgboost,2025-02-28 09:19:45
1342,7,form,complete,cf,syn,nursery,CTGAN,8,xgboost,2025-02-28 09:19:45
1342,8,form,complete,cf,syn,nursery,CTGAN,8,xgboost,2025-02-28 09:19:45
1342,9,form,complete,cf,syn,nursery,CTGAN,8,xgboost,2025-02-28 09:19:45
1342,10,form,complete,cf,syn,nursery,CTGAN,8,xgboost,2025-02-28 09:19:45
1342,11,form,complete,cf,syn,nursery,CTGAN,8,xgboost,2025-02-28 09:19:45
1342,12,form,complete,cf,syn,nursery,CTGAN,8,xgboost,2025-02-28 09:19:45
1342,13,form,complete,cf,syn,nursery,CTGAN,8,xgboost,2025-02-28 09:19:45
1342,14,form,complete,cf,syn,nursery,CTGAN,8,xgboost,2025-02-28 09:19:45
1342,15,form,complete,cf,syn,nursery,CTGAN,8,xgboost,2025-02-28 09:19:45
1342,16,form,complete,cf,syn,nursery,CTGAN,8,xgboost,2025-02-28 09:19:45
1342,17,form,complete,cf,syn,nursery,CTGAN,8,xgboost,2025-02-28 09:19:45
1342,18,form,complete,cf,syn,nursery,CTGAN,8,xgboost,2025-02-28 09:19:45
1342,19,form,complete,cf,syn,nursery,CTGAN,8,xgboost,2025-02-28 09:19:45
1342,20,form,complete,cf,syn,nursery,CTGAN,8,xgboost,2025-02-28 09:19:45
1342,21,form,complete,cf,syn,nursery,CTGAN,8,xgboost,2025-02-28 09:19:45
1342,22,form,complete,cf,syn,nursery,CTGAN,8,xgboost,2025-02-28 09:19:45
1342,23,form,complete,cf,syn,nursery,CTGAN,8,xgboost,2025-02-28 09:19:45
1342,24,form,complete,cf,syn,nursery,CTGAN,8,xgboost,2025-02-28 09:19:45
1342,25,form,foster,cf,syn,nursery,CTGAN,8,xgboost,2025-02-28 09:19:45
1342,26,form,complete,cf,syn,nursery,CTGAN,8,xgboost,2025-02-28 09:19:45
1342,27,form,complete,cf,syn,nursery,CTGAN,8,xgboost,2025-02-28 09:19:45
1342,28,form,foster,cf,syn,nursery,CTGAN,8,xgboost,2025-02-28 09:19:45
1342,29,form,incomplete,cf,syn,nursery,CTGAN,8,xgboost,2025-02-28 09:19:45
1342,30,form,complete,cf,syn,nursery,CTGAN,8,xgboost,2025-02-28 09:19:45
1342,31,form,complete,cf,syn,nursery,CTGAN,8,xgboost,2025-02-28 09:19:45
1342,32,form,complete,cf,syn,nursery,CTGAN,8,xgboost,2025-02-28 09:19:45
1342,33,form,complete,cf,syn,nursery,CTGAN,8,xgboost,2025-02-28 09:19:45
1342,34,form,complete,cf,syn,nursery,CTGAN,8,xgboost,2025-02-28 09:19:45
1342,35,form,complete,cf,syn,nursery,CTGAN,8,xgboost,2025-02-28 09:19:45
1342,36,form,complete,cf,syn,nursery,CTGAN,8,xgboost,2025-02-28 09:19:45
1342,37,form,complete,cf,syn,nursery,CTGAN,8,xgboost,2025-02-28 09:19:45
1342,38,form,incomplete,cf,syn,nursery,CTGAN,8,xgboost,2025-02-28 09:19:45
1342,39,form,complete,cf,syn,nursery,CTGAN,8,xgboost,2025-02-28 09:19:45
1342,40,form,complete,cf,syn,nursery,CTGAN,8,xgboost,2025-02-28 09:19:45
1342,41,form,complete,cf,syn,nursery,CTGAN,8,xgboost,2025-02-28 09:19:45
1342,42,form,complete,cf,syn,nursery,CTGAN,8,xgboost,2025-02-28 09:19:45
1342,43,form,complete,cf,syn,nursery,CTGAN,8,xgboost,2025-02-28 09:19:45
1342,44,form,complete,cf,syn,nursery,CTGAN,8,xgboost,2025-02-28 09:19:45
1342,45,form,complete,cf,syn,nursery,CTGAN,8,xgboost,2025-02-28 09:19:45
1342,46,form,incomplete,cf,syn,nursery,CTGAN,8,xgboost,2025-02-28 09:19:45
1342,47,form,incomplete,cf,syn,nursery,CTGAN,8,xgboost,2025-02-28 09:19:45
1342,48,form,complete,cf,syn,nursery,CTGAN,8,xgboost,2025-02-28 09:19:45
1342,49,form,complete,cf,syn,nursery,CTGAN,8,xgboost,2025-02-28 09:19:45
1342,50,form,complete,cf,syn,nursery,CTGAN,8,xgboost,2025-02-28 09:19:45
1342,51,form,complete,cf,syn,nursery,CTGAN,8,xgboost,2025-02-28 09:19:45
1342,52,form,complete,cf,syn,nursery,CTGAN,8,xgboost,2025-02-28 09:19:45
1342,53,form,complete,cf,syn,nursery,CTGAN,8,xgboost,2025-02-28 09:19:45
1342,54,form,complete,cf,syn,nursery,CTGAN,8,xgboost,2025-02-28 09:19:45
1342,55,form,complete,cf,syn,nursery,CTGAN,8,xgboost,2025-02-28 09:19:45
1342,56,form,complete,cf,syn,nursery,CTGAN,8,xgboost,2025-02-28 09:19:45
1342,57,form,incomplete,cf,syn,nursery,CTGAN,8,xgboost,2025-02-28 09:19:45
1342,58,form,complete,cf,syn,nursery,CTGAN,8,xgboost,2025-02-28 09:19:45
1342,59,form,complete,cf,syn,nursery,CTGAN,8,xgboost,2025-02-28 09:19:45
1342,60,form,incomplete,cf,syn,nursery,CTGAN,8,xgboost,2025-02-28 09:19:45
1342,61,form,complete,cf,syn,nursery,CTGAN,8,xgboost,2025-02-28 09:19:45
1342,62,form,complete,cf,syn,nursery,CTGAN,8,xgboost,2025-02-28 09:19:45
1342,63,form,complete,cf,syn,nursery,CTGAN,8,xgboost,2025-02-28 09:19:45
1342,64,form,complete,cf,syn,nursery,CTGAN,8,xgboost,2025-02-28 09:19:45
1342,65,form,complete,cf,syn,nursery,CTGAN,8,xgboost,2025-02-28 09:19:45
1342,66,form,complete,cf,syn,nursery,CTGAN,8,xgboost,2025-02-28 09:19:45
1342,67,form,complete,cf,syn,nursery,CTGAN,8,xgboost,2025-02-28 09:19:45
1342,68,form,incomplete,cf,syn,nursery,CTGAN,8,xgboost,2025-02-28 09:19:45
1342,69,form,complete,cf,syn,nursery,CTGAN,8,xgboost,2025-02-28 09:19:45
1342,70,form,complete,cf,syn,nursery,CTGAN,8,xgboost,2025-02-28 09:19:45
1342,71,form,incomplete,cf,syn,nursery,CTGAN,8,xgboost,2025-02-28 09:19:45
1342,72,form,complete,cf,syn,nursery,CTGAN,8,xgboost,2025-02-28 09:19:45
1342,73,form,complete,cf,syn,nursery,CTGAN,8,xgboost,2025-02-28 09:19:45
1342,74,form,complete,cf,syn,nursery,CTGAN,8,xgboost,2025-02-28 09:19:45
1342,75,form,complete,cf,syn,nursery,CTGAN,8,xgboost,2025-02-28 09:19:45
1342,76,form,complete,cf,syn,nursery,CTGAN,8,xgboost,2025-02-28 09:19:45
1342,77,form,incomplete,cf,syn,nursery,CTGAN,8,xgboost,2025-02-28 09:19:45
1342,78,form,complete,cf,syn,nursery,CTGAN,8,xgboost,2025-02-28 09:19:45
1342,79,form,complete,cf,syn,nursery,CTGAN,8,xgboost,2025-02-28 09:19:45
1342,80,form,incomplete,cf,syn,nursery,CTGAN,8,xgboost,2025-02-28 09:19:45
1342,81,form,complete,cf,syn,nursery,CTGAN,8,xgboost,2025-02-28 09:19:45
1342,82,form,complete,cf,syn,nursery,CTGAN,8,xgboost,2025-02-28 09:19:45
1342,83,form,complete,cf,syn,nursery,CTGAN,8,xgboost,2025-02-28 09:19:45
1342,84,form,incomplete,cf,syn,nursery,CTGAN,8,xgboost,2025-02-28 09:19:45
1342,85,form,complete,cf,syn,nursery,CTGAN,8,xgboost,2025-02-28 09:19:45
1342,86,form,foster,cf,syn,nursery,CTGAN,8,xgboost,2025-02-28 09:19:45
1342,87,form,complete,cf,syn,nursery,CTGAN,8,xgboost,2025-02-28 09:19:45
1342,88,form,complete,cf,syn,nursery,CTGAN,8,xgboost,2025-02-28 09:19:45
1342,89,form,complete,cf,syn,nursery,CTGAN,8,xgboost,2025-02-28 09:19:45
1342,90,form,complete,cf,syn,nursery,CTGAN,8,xgboost,2025-02-28 09:19:45
1342,91,form,complete,cf,syn,nursery,CTGAN,8,xgboost,2025-02-28 09:19:45
1342,92,form,complete,cf,syn,nursery,CTGAN,8,xgboost,2025-02-28 09:19:45
1342,93,form,complete,cf,syn,nursery,CTGAN,8,xgboost,2025-02-28 09:19:45
1342,94,form,complete,cf,syn,nursery,CTGAN,8,xgboost,2025-02-28 09:19:45
1342,95,form,complete,cf,syn,nursery,CTGAN,8,xgboost,2025-02-28 09:19:45
1342,96,form,complete,cf,syn,nursery,CTGAN,8,xgboost,2025-02-28 09:19:45
1342,97,form,complete,cf,syn,nursery,CTGAN,8,xgboost,2025-02-28 09:19:45
1342,98,form,complete,cf,syn,nursery,CTGAN,8,xgboost,2025-02-28 09:19:45
1342,99,form,complete,cf,syn,nursery,CTGAN,8,xgboost,2025-02-28 09:19:45
1342,100,form,complete,cf,syn,nursery,CTGAN,8,xgboost,2025-02-28 09:19:45
1342,1,children,3,cf,syn,nursery,CTGAN,8,xgboost,2025-02-28 09:19:45
1342,2,children,3,cf,syn,nursery,CTGAN,8,xgboost,2025-02-28 09:19:45
1342,3,children,3,cf,syn,nursery,CTGAN,8,xgboost,2025-02-28 09:19:45
1342,4,children,3,cf,syn,nursery,CTGAN,8,xgboost,2025-02-28 09:19:45
1342,5,children,3,cf,syn,nursery,CTGAN,8,xgboost,2025-02-28 09:19:45
1342,6,children,3,cf,syn,nursery,CTGAN,8,xgboost,2025-02-28 09:19:45
1342,7,children,3,cf,syn,nursery,CTGAN,8,xgboost,2025-02-28 09:19:45
1342,8,children,3,cf,syn,nursery,CTGAN,8,xgboost,2025-02-28 09:19:45
1342,9,children,3,cf,syn,nursery,CTGAN,8,xgboost,2025-02-28 09:19:45
1342,10,children,1,cf,syn,nursery,CTGAN,8,xgboost,2025-02-28 09:19:45
1342,11,children,3,cf,syn,nursery,CTGAN,8,xgboost,2025-02-28 09:19:45
1342,12,children,3,cf,syn,nursery,CTGAN,8,xgboost,2025-02-28 09:19:45
1342,13,children,3,cf,syn,nursery,CTGAN,8,xgboost,2025-02-28 09:19:45
1342,14,children,3,cf,syn,nursery,CTGAN,8,xgboost,2025-02-28 09:19:45
1342,15,children,3,cf,syn,nursery,CTGAN,8,xgboost,2025-02-28 09:19:45
1342,16,children,1,cf,syn,nursery,CTGAN,8,xgboost,2025-02-28 09:19:45
1342,17,children,3,cf,syn,nursery,CTGAN,8,xgboost,2025-02-28 09:19:45
1342,18,children,3,cf,syn,nursery,CTGAN,8,xgboost,2025-02-28 09:19:45
1342,19,children,3,cf,syn,nursery,CTGAN,8,xgboost,2025-02-28 09:19:45
1342,20,children,3,cf,syn,nursery,CTGAN,8,xgboost,2025-02-28 09:19:45
1342,21,children,2,cf,syn,nursery,CTGAN,8,xgboost,2025-02-28 09:19:45
1342,22,children,3,cf,syn,nursery,CTGAN,8,xgboost,2025-02-28 09:19:45
1342,23,children,2,cf,syn,nursery,CTGAN,8,xgboost,2025-02-28 09:19:45
1342,24,children,3,cf,syn,nursery,CTGAN,8,xgboost,2025-02-28 09:19:45
1342,25,children,3,cf,syn,nursery,CTGAN,8,xgboost,2025-02-28 09:19:45
1342,26,children,3,cf,syn,nursery,CTGAN,8,xgboost,2025-02-28 09:19:45
1342,27,children,3,cf,syn,nursery,CTGAN,8,xgboost,2025-02-28 09:19:45
1342,28,children,3,cf,syn,nursery,CTGAN,8,xgboost,2025-02-28 09:19:45
1342,29,children,3,cf,syn,nursery,CTGAN,8,xgboost,2025-02-28 09:19:45
1342,30,children,1,cf,syn,nursery,CTGAN,8,xgboost,2025-02-28 09:19:45
1342,31,children,1,cf,syn,nursery,CTGAN,8,xgboost,2025-02-28 09:19:45
1342,32,children,1,cf,syn,nursery,CTGAN,8,xgboost,2025-02-28 09:19:45
1342,33,children,1,cf,syn,nursery,CTGAN,8,xgboost,2025-02-28 09:19:45
1342,34,children,1,cf,syn,nursery,CTGAN,8,xgboost,2025-02-28 09:19:45
1342,35,children,2,cf,syn,nursery,CTGAN,8,xgboost,2025-02-28 09:19:45
1342,36,children,more,cf,syn,nursery,CTGAN,8,xgboost,2025-02-28 09:19:45
1342,37,children,3,cf,syn,nursery,CTGAN,8,xgboost,2025-02-28 09:19:45
1342,38,children,3,cf,syn,nursery,CTGAN,8,xgboost,2025-02-28 09:19:45
1342,39,children,1,cf,syn,nursery,CTGAN,8,xgboost,2025-02-28 09:19:45
1342,40,children,1,cf,syn,nursery,CTGAN,8,xgboost,2025-02-28 09:19:45
1342,41,children,1,cf,syn,nursery,CTGAN,8,xgboost,2025-02-28 09:19:45
1342,42,children,more,cf,syn,nursery,CTGAN,8,xgboost,2025-02-28 09:19:45
1342,43,children,more,cf,syn,nursery,CTGAN,8,xgboost,2025-02-28 09:19:45
1342,44,children,3,cf,syn,nursery,CTGAN,8,xgboost,2025-02-28 09:19:45
1342,45,children,3,cf,syn,nursery,CTGAN,8,xgboost,2025-02-28 09:19:45
1342,46,children,3,cf,syn,nursery,CTGAN,8,xgboost,2025-02-28 09:19:45
1342,47,children,3,cf,syn,nursery,CTGAN,8,xgboost,2025-02-28 09:19:45
1342,48,children,3,cf,syn,nursery,CTGAN,8,xgboost,2025-02-28 09:19:45
1342,49,children,2,cf,syn,nursery,CTGAN,8,xgboost,2025-02-28 09:19:45
1342,50,children,3,cf,syn,nursery,CTGAN,8,xgboost,2025-02-28 09:19:45
1342,51,children,1,cf,syn,nursery,CTGAN,8,xgboost,2025-02-28 09:19:45
1342,52,children,3,cf,syn,nursery,CTGAN,8,xgboost,2025-02-28 09:19:45
1342,53,children,3,cf,syn,nursery,CTGAN,8,xgboost,2025-02-28 09:19:45
1342,54,children,3,cf,syn,nursery,CTGAN,8,xgboost,2025-02-28 09:19:45
1342,55,children,more,cf,syn,nursery,CTGAN,8,xgboost,2025-02-28 09:19:45
1342,56,children,3,cf,syn,nursery,CTGAN,8,xgboost,2025-02-28 09:19:45
1342,57,children,3,cf,syn,nursery,CTGAN,8,xgboost,2025-02-28 09:19:45
1342,58,children,2,cf,syn,nursery,CTGAN,8,xgboost,2025-02-28 09:19:45
1342,59,children,3,cf,syn,nursery,CTGAN,8,xgboost,2025-02-28 09:19:45
1342,60,children,3,cf,syn,nursery,CTGAN,8,xgboost,2025-02-28 09:19:45
1342,61,children,more,cf,syn,nursery,CTGAN,8,xgboost,2025-02-28 09:19:45
1342,62,children,3,cf,syn,nursery,CTGAN,8,xgboost,2025-02-28 09:19:45
1342,63,children,3,cf,syn,nursery,CTGAN,8,xgboost,2025-02-28 09:19:45
1342,64,children,2,cf,syn,nursery,CTGAN,8,xgboost,2025-02-28 09:19:45
1342,65,children,1,cf,syn,nursery,CTGAN,8,xgboost,2025-02-28 09:19:45
1342,66,children,more,cf,syn,nursery,CTGAN,8,xgboost,2025-02-28 09:19:45
1342,67,children,3,cf,syn,nursery,CTGAN,8,xgboost,2025-02-28 09:19:45
1342,68,children,3,cf,syn,nursery,CTGAN,8,xgboost,2025-02-28 09:19:45
1342,69,children,more,cf,syn,nursery,CTGAN,8,xgboost,2025-02-28 09:19:45
1342,70,children,1,cf,syn,nursery,CTGAN,8,xgboost,2025-02-28 09:19:45
1342,71,children,1,cf,syn,nursery,CTGAN,8,xgboost,2025-02-28 09:19:45
1342,72,children,1,cf,syn,nursery,CTGAN,8,xgboost,2025-02-28 09:19:45
1342,73,children,more,cf,syn,nursery,CTGAN,8,xgboost,2025-02-28 09:19:45
1342,74,children,1,cf,syn,nursery,CTGAN,8,xgboost,2025-02-28 09:19:45
1342,75,children,more,cf,syn,nursery,CTGAN,8,xgboost,2025-02-28 09:19:45
1342,76,children,3,cf,syn,nursery,CTGAN,8,xgboost,2025-02-28 09:19:45
1342,77,children,3,cf,syn,nursery,CTGAN,8,xgboost,2025-02-28 09:19:45
1342,78,children,1,cf,syn,nursery,CTGAN,8,xgboost,2025-02-28 09:19:45
1342,79,children,3,cf,syn,nursery,CTGAN,8,xgboost,2025-02-28 09:19:45
1342,80,children,3,cf,syn,nursery,CTGAN,8,xgboost,2025-02-28 09:19:45
1342,81,children,3,cf,syn,nursery,CTGAN,8,xgboost,2025-02-28 09:19:45
1342,82,children,3,cf,syn,nursery,CTGAN,8,xgboost,2025-02-28 09:19:45
1342,83,children,3,cf,syn,nursery,CTGAN,8,xgboost,2025-02-28 09:19:45
1342,84,children,1,cf,syn,nursery,CTGAN,8,xgboost,2025-02-28 09:19:45
1342,85,children,3,cf,syn,nursery,CTGAN,8,xgboost,2025-02-28 09:19:45
1342,86,children,3,cf,syn,nursery,CTGAN,8,xgboost,2025-02-28 09:19:45
1342,87,children,3,cf,syn,nursery,CTGAN,8,xgboost,2025-02-28 09:19:45
1342,88,children,3,cf,syn,nursery,CTGAN,8,xgboost,2025-02-28 09:19:45
1342,89,children,2,cf,syn,nursery,CTGAN,8,xgboost,2025-02-28 09:19:45
1342,90,children,more,cf,syn,nursery,CTGAN,8,xgboost,2025-02-28 09:19:45
1342,91,children,3,cf,syn,nursery,CTGAN,8,xgboost,2025-02-28 09:19:45
1342,92,children,more,cf,syn,nursery,CTGAN,8,xgboost,2025-02-28 09:19:45
1342,93,children,2,cf,syn,nursery,CTGAN,8,xgboost,2025-02-28 09:19:45
1342,94,children,1,cf,syn,nursery,CTGAN,8,xgboost,2025-02-28 09:19:45
1342,95,children,2,cf,syn,nursery,CTGAN,8,xgboost,2025-02-28 09:19:45
1342,96,children,1,cf,syn,nursery,CTGAN,8,xgboost,2025-02-28 09:19:45
1342,97,children,3,cf,syn,nursery,CTGAN,8,xgboost,2025-02-28 09:19:45
1342,98,children,more,cf,syn,nursery,CTGAN,8,xgboost,2025-02-28 09:19:45
1342,99,children,1,cf,syn,nursery,CTGAN,8,xgboost,2025-02-28 09:19:45
1342,100,children,3,cf,syn,nursery,CTGAN,8,xgboost,2025-02-28 09:19:45
1342,1,housing,less_conv,cf,syn,nursery,CTGAN,8,xgboost,2025-02-28 09:19:45
1342,2,housing,less_conv,cf,syn,nursery,CTGAN,8,xgboost,2025-02-28 09:19:45
1342,3,housing,less_conv,cf,syn,nursery,CTGAN,8,xgboost,2025-02-28 09:19:45
1342,4,housing,less_conv,cf,syn,nursery,CTGAN,8,xgboost,2025-02-28 09:19:45
1342,5,housing,less_conv,cf,syn,nursery,CTGAN,8,xgboost,2025-02-28 09:19:45
1342,6,housing,less_conv,cf,syn,nursery,CTGAN,8,xgboost,2025-02-28 09:19:45
1342,7,housing,less_conv,cf,syn,nursery,CTGAN,8,xgboost,2025-02-28 09:19:45
1342,8,housing,less_conv,cf,syn,nursery,CTGAN,8,xgboost,2025-02-28 09:19:45
1342,9,housing,less_conv,cf,syn,nursery,CTGAN,8,xgboost,2025-02-28 09:19:45
1342,10,housing,less_conv,cf,syn,nursery,CTGAN,8,xgboost,2025-02-28 09:19:45
1342,11,housing,less_conv,cf,syn,nursery,CTGAN,8,xgboost,2025-02-28 09:19:45
1342,12,housing,less_conv,cf,syn,nursery,CTGAN,8,xgboost,2025-02-28 09:19:45
1342,13,housing,less_conv,cf,syn,nursery,CTGAN,8,xgboost,2025-02-28 09:19:45
1342,14,housing,less_conv,cf,syn,nursery,CTGAN,8,xgboost,2025-02-28 09:19:45
1342,15,housing,less_conv,cf,syn,nursery,CTGAN,8,xgboost,2025-02-28 09:19:45
1342,16,housing,less_conv,cf,syn,nursery,CTGAN,8,xgboost,2025-02-28 09:19:45
1342,17,housing,less_conv,cf,syn,nursery,CTGAN,8,xgboost,2025-02-28 09:19:45
1342,18,housing,less_conv,cf,syn,nursery,CTGAN,8,xgboost,2025-02-28 09:19:45
1342,19,housing,less_conv,cf,syn,nursery,CTGAN,8,xgboost,2025-02-28 09:19:45
1342,20,housing,less_conv,cf,syn,nursery,CTGAN,8,xgboost,2025-02-28 09:19:45
1342,21,housing,less_conv,cf,syn,nursery,CTGAN,8,xgboost,2025-02-28 09:19:45
1342,22,housing,less_conv,cf,syn,nursery,CTGAN,8,xgboost,2025-02-28 09:19:45
1342,23,housing,less_conv,cf,syn,nursery,CTGAN,8,xgboost,2025-02-28 09:19:45
1342,24,housing,critical,cf,syn,nursery,CTGAN,8,xgboost,2025-02-28 09:19:45
1342,25,housing,critical,cf,syn,nursery,CTGAN,8,xgboost,2025-02-28 09:19:45
1342,26,housing,critical,cf,syn,nursery,CTGAN,8,xgboost,2025-02-28 09:19:45
1342,27,housing,convenient,cf,syn,nursery,CTGAN,8,xgboost,2025-02-28 09:19:45
1342,28,housing,less_conv,cf,syn,nursery,CTGAN,8,xgboost,2025-02-28 09:19:45
1342,29,housing,less_conv,cf,syn,nursery,CTGAN,8,xgboost,2025-02-28 09:19:45
1342,30,housing,convenient,cf,syn,nursery,CTGAN,8,xgboost,2025-02-28 09:19:45
1342,31,housing,convenient,cf,syn,nursery,CTGAN,8,xgboost,2025-02-28 09:19:45
1342,32,housing,less_conv,cf,syn,nursery,CTGAN,8,xgboost,2025-02-28 09:19:45
1342,33,housing,less_conv,cf,syn,nursery,CTGAN,8,xgboost,2025-02-28 09:19:45
1342,34,housing,convenient,cf,syn,nursery,CTGAN,8,xgboost,2025-02-28 09:19:45
1342,35,housing,less_conv,cf,syn,nursery,CTGAN,8,xgboost,2025-02-28 09:19:45
1342,36,housing,less_conv,cf,syn,nursery,CTGAN,8,xgboost,2025-02-28 09:19:45
1342,37,housing,less_conv,cf,syn,nursery,CTGAN,8,xgboost,2025-02-28 09:19:45
1342,38,housing,less_conv,cf,syn,nursery,CTGAN,8,xgboost,2025-02-28 09:19:45
1342,39,housing,critical,cf,syn,nursery,CTGAN,8,xgboost,2025-02-28 09:19:45
1342,40,housing,convenient,cf,syn,nursery,CTGAN,8,xgboost,2025-02-28 09:19:45
1342,41,housing,less_conv,cf,syn,nursery,CTGAN,8,xgboost,2025-02-28 09:19:45
1342,42,housing,less_conv,cf,syn,nursery,CTGAN,8,xgboost,2025-02-28 09:19:45
1342,43,housing,less_conv,cf,syn,nursery,CTGAN,8,xgboost,2025-02-28 09:19:45
1342,44,housing,less_conv,cf,syn,nursery,CTGAN,8,xgboost,2025-02-28 09:19:45
1342,45,housing,less_conv,cf,syn,nursery,CTGAN,8,xgboost,2025-02-28 09:19:45
1342,46,housing,less_conv,cf,syn,nursery,CTGAN,8,xgboost,2025-02-28 09:19:45
1342,47,housing,less_conv,cf,syn,nursery,CTGAN,8,xgboost,2025-02-28 09:19:45
1342,48,housing,less_conv,cf,syn,nursery,CTGAN,8,xgboost,2025-02-28 09:19:45
1342,49,housing,less_conv,cf,syn,nursery,CTGAN,8,xgboost,2025-02-28 09:19:45
1342,50,housing,less_conv,cf,syn,nursery,CTGAN,8,xgboost,2025-02-28 09:19:45
1342,51,housing,critical,cf,syn,nursery,CTGAN,8,xgboost,2025-02-28 09:19:45
1342,52,housing,critical,cf,syn,nursery,CTGAN,8,xgboost,2025-02-28 09:19:45
1342,53,housing,less_conv,cf,syn,nursery,CTGAN,8,xgboost,2025-02-28 09:19:45
1342,54,housing,less_conv,cf,syn,nursery,CTGAN,8,xgboost,2025-02-28 09:19:45
1342,55,housing,less_conv,cf,syn,nursery,CTGAN,8,xgboost,2025-02-28 09:19:45
1342,56,housing,less_conv,cf,syn,nursery,CTGAN,8,xgboost,2025-02-28 09:19:45
1342,57,housing,less_conv,cf,syn,nursery,CTGAN,8,xgboost,2025-02-28 09:19:45
1342,58,housing,less_conv,cf,syn,nursery,CTGAN,8,xgboost,2025-02-28 09:19:45
1342,59,housing,less_conv,cf,syn,nursery,CTGAN,8,xgboost,2025-02-28 09:19:45
1342,60,housing,less_conv,cf,syn,nursery,CTGAN,8,xgboost,2025-02-28 09:19:45
1342,61,housing,less_conv,cf,syn,nursery,CTGAN,8,xgboost,2025-02-28 09:19:45
1342,62,housing,less_conv,cf,syn,nursery,CTGAN,8,xgboost,2025-02-28 09:19:45
1342,63,housing,less_conv,cf,syn,nursery,CTGAN,8,xgboost,2025-02-28 09:19:45
1342,64,housing,less_conv,cf,syn,nursery,CTGAN,8,xgboost,2025-02-28 09:19:45
1342,65,housing,less_conv,cf,syn,nursery,CTGAN,8,xgboost,2025-02-28 09:19:45
1342,66,housing,less_conv,cf,syn,nursery,CTGAN,8,xgboost,2025-02-28 09:19:45
1342,67,housing,less_conv,cf,syn,nursery,CTGAN,8,xgboost,2025-02-28 09:19:45
1342,68,housing,less_conv,cf,syn,nursery,CTGAN,8,xgboost,2025-02-28 09:19:45
1342,69,housing,less_conv,cf,syn,nursery,CTGAN,8,xgboost,2025-02-28 09:19:45
1342,70,housing,less_conv,cf,syn,nursery,CTGAN,8,xgboost,2025-02-28 09:19:45
1342,71,housing,less_conv,cf,syn,nursery,CTGAN,8,xgboost,2025-02-28 09:19:45
1342,72,housing,critical,cf,syn,nursery,CTGAN,8,xgboost,2025-02-28 09:19:45
1342,73,housing,less_conv,cf,syn,nursery,CTGAN,8,xgboost,2025-02-28 09:19:45
1342,74,housing,critical,cf,syn,nursery,CTGAN,8,xgboost,2025-02-28 09:19:45
1342,75,housing,less_conv,cf,syn,nursery,CTGAN,8,xgboost,2025-02-28 09:19:45
1342,76,housing,less_conv,cf,syn,nursery,CTGAN,8,xgboost,2025-02-28 09:19:45
1342,77,housing,critical,cf,syn,nursery,CTGAN,8,xgboost,2025-02-28 09:19:45
1342,78,housing,less_conv,cf,syn,nursery,CTGAN,8,xgboost,2025-02-28 09:19:45
1342,79,housing,less_conv,cf,syn,nursery,CTGAN,8,xgboost,2025-02-28 09:19:45
1342,80,housing,critical,cf,syn,nursery,CTGAN,8,xgboost,2025-02-28 09:19:45
1342,81,housing,convenient,cf,syn,nursery,CTGAN,8,xgboost,2025-02-28 09:19:45
1342,82,housing,convenient,cf,syn,nursery,CTGAN,8,xgboost,2025-02-28 09:19:45
1342,83,housing,critical,cf,syn,nursery,CTGAN,8,xgboost,2025-02-28 09:19:45
1342,84,housing,critical,cf,syn,nursery,CTGAN,8,xgboost,2025-02-28 09:19:45
1342,85,housing,less_conv,cf,syn,nursery,CTGAN,8,xgboost,2025-02-28 09:19:45
1342,86,housing,less_conv,cf,syn,nursery,CTGAN,8,xgboost,2025-02-28 09:19:45
1342,87,housing,less_conv,cf,syn,nursery,CTGAN,8,xgboost,2025-02-28 09:19:45
1342,88,housing,critical,cf,syn,nursery,CTGAN,8,xgboost,2025-02-28 09:19:45
1342,89,housing,less_conv,cf,syn,nursery,CTGAN,8,xgboost,2025-02-28 09:19:45
1342,90,housing,less_conv,cf,syn,nursery,CTGAN,8,xgboost,2025-02-28 09:19:45
1342,91,housing,critical,cf,syn,nursery,CTGAN,8,xgboost,2025-02-28 09:19:45
1342,92,housing,less_conv,cf,syn,nursery,CTGAN,8,xgboost,2025-02-28 09:19:45
1342,93,housing,critical,cf,syn,nursery,CTGAN,8,xgboost,2025-02-28 09:19:45
1342,94,housing,less_conv,cf,syn,nursery,CTGAN,8,xgboost,2025-02-28 09:19:45
1342,95,housing,critical,cf,syn,nursery,CTGAN,8,xgboost,2025-02-28 09:19:45
1342,96,housing,less_conv,cf,syn,nursery,CTGAN,8,xgboost,2025-02-28 09:19:45
1342,97,housing,critical,cf,syn,nursery,CTGAN,8,xgboost,2025-02-28 09:19:45
1342,98,housing,less_conv,cf,syn,nursery,CTGAN,8,xgboost,2025-02-28 09:19:45
1342,99,housing,convenient,cf,syn,nursery,CTGAN,8,xgboost,2025-02-28 09:19:45
1342,100,housing,less_conv,cf,syn,nursery,CTGAN,8,xgboost,2025-02-28 09:19:45
1342,1,finance,convenient,cf,syn,nursery,CTGAN,8,xgboost,2025-02-28 09:19:45
1342,2,finance,convenient,cf,syn,nursery,CTGAN,8,xgboost,2025-02-28 09:19:45
1342,3,finance,convenient,cf,syn,nursery,CTGAN,8,xgboost,2025-02-28 09:19:45
1342,4,finance,convenient,cf,syn,nursery,CTGAN,8,xgboost,2025-02-28 09:19:45
1342,5,finance,convenient,cf,syn,nursery,CTGAN,8,xgboost,2025-02-28 09:19:45
1342,6,finance,convenient,cf,syn,nursery,CTGAN,8,xgboost,2025-02-28 09:19:45
1342,7,finance,convenient,cf,syn,nursery,CTGAN,8,xgboost,2025-02-28 09:19:45
1342,8,finance,convenient,cf,syn,nursery,CTGAN,8,xgboost,2025-02-28 09:19:45
1342,9,finance,convenient,cf,syn,nursery,CTGAN,8,xgboost,2025-02-28 09:19:45
1342,10,finance,convenient,cf,syn,nursery,CTGAN,8,xgboost,2025-02-28 09:19:45
1342,11,finance,convenient,cf,syn,nursery,CTGAN,8,xgboost,2025-02-28 09:19:45
1342,12,finance,convenient,cf,syn,nursery,CTGAN,8,xgboost,2025-02-28 09:19:45
1342,13,finance,convenient,cf,syn,nursery,CTGAN,8,xgboost,2025-02-28 09:19:45
1342,14,finance,convenient,cf,syn,nursery,CTGAN,8,xgboost,2025-02-28 09:19:45
1342,15,finance,convenient,cf,syn,nursery,CTGAN,8,xgboost,2025-02-28 09:19:45
1342,16,finance,convenient,cf,syn,nursery,CTGAN,8,xgboost,2025-02-28 09:19:45
1342,17,finance,convenient,cf,syn,nursery,CTGAN,8,xgboost,2025-02-28 09:19:45
1342,18,finance,convenient,cf,syn,nursery,CTGAN,8,xgboost,2025-02-28 09:19:45
1342,19,finance,convenient,cf,syn,nursery,CTGAN,8,xgboost,2025-02-28 09:19:45
1342,20,finance,convenient,cf,syn,nursery,CTGAN,8,xgboost,2025-02-28 09:19:45
1342,21,finance,convenient,cf,syn,nursery,CTGAN,8,xgboost,2025-02-28 09:19:45
1342,22,finance,convenient,cf,syn,nursery,CTGAN,8,xgboost,2025-02-28 09:19:45
1342,23,finance,convenient,cf,syn,nursery,CTGAN,8,xgboost,2025-02-28 09:19:45
1342,24,finance,convenient,cf,syn,nursery,CTGAN,8,xgboost,2025-02-28 09:19:45
1342,25,finance,convenient,cf,syn,nursery,CTGAN,8,xgboost,2025-02-28 09:19:45
1342,26,finance,convenient,cf,syn,nursery,CTGAN,8,xgboost,2025-02-28 09:19:45
1342,27,finance,convenient,cf,syn,nursery,CTGAN,8,xgboost,2025-02-28 09:19:45
1342,28,finance,convenient,cf,syn,nursery,CTGAN,8,xgboost,2025-02-28 09:19:45
1342,29,finance,convenient,cf,syn,nursery,CTGAN,8,xgboost,2025-02-28 09:19:45
1342,30,finance,convenient,cf,syn,nursery,CTGAN,8,xgboost,2025-02-28 09:19:45
1342,31,finance,convenient,cf,syn,nursery,CTGAN,8,xgboost,2025-02-28 09:19:45
1342,32,finance,inconv,cf,syn,nursery,CTGAN,8,xgboost,2025-02-28 09:19:45
1342,33,finance,inconv,cf,syn,nursery,CTGAN,8,xgboost,2025-02-28 09:19:45
1342,34,finance,convenient,cf,syn,nursery,CTGAN,8,xgboost,2025-02-28 09:19:45
1342,35,finance,convenient,cf,syn,nursery,CTGAN,8,xgboost,2025-02-28 09:19:45
1342,36,finance,convenient,cf,syn,nursery,CTGAN,8,xgboost,2025-02-28 09:19:45
1342,37,finance,convenient,cf,syn,nursery,CTGAN,8,xgboost,2025-02-28 09:19:45
1342,38,finance,convenient,cf,syn,nursery,CTGAN,8,xgboost,2025-02-28 09:19:45
1342,39,finance,convenient,cf,syn,nursery,CTGAN,8,xgboost,2025-02-28 09:19:45
1342,40,finance,convenient,cf,syn,nursery,CTGAN,8,xgboost,2025-02-28 09:19:45
1342,41,finance,convenient,cf,syn,nursery,CTGAN,8,xgboost,2025-02-28 09:19:45
1342,42,finance,convenient,cf,syn,nursery,CTGAN,8,xgboost,2025-02-28 09:19:45
1342,43,finance,convenient,cf,syn,nursery,CTGAN,8,xgboost,2025-02-28 09:19:45
1342,44,finance,convenient,cf,syn,nursery,CTGAN,8,xgboost,2025-02-28 09:19:45
1342,45,finance,convenient,cf,syn,nursery,CTGAN,8,xgboost,2025-02-28 09:19:45
1342,46,finance,convenient,cf,syn,nursery,CTGAN,8,xgboost,2025-02-28 09:19:45
1342,47,finance,convenient,cf,syn,nursery,CTGAN,8,xgboost,2025-02-28 09:19:45
1342,48,finance,inconv,cf,syn,nursery,CTGAN,8,xgboost,2025-02-28 09:19:45
1342,49,finance,convenient,cf,syn,nursery,CTGAN,8,xgboost,2025-02-28 09:19:45
1342,50,finance,convenient,cf,syn,nursery,CTGAN,8,xgboost,2025-02-28 09:19:45
1342,51,finance,convenient,cf,syn,nursery,CTGAN,8,xgboost,2025-02-28 09:19:45
1342,52,finance,convenient,cf,syn,nursery,CTGAN,8,xgboost,2025-02-28 09:19:45
1342,53,finance,convenient,cf,syn,nursery,CTGAN,8,xgboost,2025-02-28 09:19:45
1342,54,finance,convenient,cf,syn,nursery,CTGAN,8,xgboost,2025-02-28 09:19:45
1342,55,finance,convenient,cf,syn,nursery,CTGAN,8,xgboost,2025-02-28 09:19:45
1342,56,finance,convenient,cf,syn,nursery,CTGAN,8,xgboost,2025-02-28 09:19:45
1342,57,finance,convenient,cf,syn,nursery,CTGAN,8,xgboost,2025-02-28 09:19:45
1342,58,finance,convenient,cf,syn,nursery,CTGAN,8,xgboost,2025-02-28 09:19:45
1342,59,finance,inconv,cf,syn,nursery,CTGAN,8,xgboost,2025-02-28 09:19:45
1342,60,finance,convenient,cf,syn,nursery,CTGAN,8,xgboost,2025-02-28 09:19:45
1342,61,finance,convenient,cf,syn,nursery,CTGAN,8,xgboost,2025-02-28 09:19:45
1342,62,finance,convenient,cf,syn,nursery,CTGAN,8,xgboost,2025-02-28 09:19:45
1342,63,finance,inconv,cf,syn,nursery,CTGAN,8,xgboost,2025-02-28 09:19:45
1342,64,finance,convenient,cf,syn,nursery,CTGAN,8,xgboost,2025-02-28 09:19:45
1342,65,finance,inconv,cf,syn,nursery,CTGAN,8,xgboost,2025-02-28 09:19:45
1342,66,finance,convenient,cf,syn,nursery,CTGAN,8,xgboost,2025-02-28 09:19:45
1342,67,finance,inconv,cf,syn,nursery,CTGAN,8,xgboost,2025-02-28 09:19:45
1342,68,finance,convenient,cf,syn,nursery,CTGAN,8,xgboost,2025-02-28 09:19:45
1342,69,finance,convenient,cf,syn,nursery,CTGAN,8,xgboost,2025-02-28 09:19:45
1342,70,finance,inconv,cf,syn,nursery,CTGAN,8,xgboost,2025-02-28 09:19:45
1342,71,finance,convenient,cf,syn,nursery,CTGAN,8,xgboost,2025-02-28 09:19:45
1342,72,finance,convenient,cf,syn,nursery,CTGAN,8,xgboost,2025-02-28 09:19:45
1342,73,finance,convenient,cf,syn,nursery,CTGAN,8,xgboost,2025-02-28 09:19:45
1342,74,finance,convenient,cf,syn,nursery,CTGAN,8,xgboost,2025-02-28 09:19:45
1342,75,finance,convenient,cf,syn,nursery,CTGAN,8,xgboost,2025-02-28 09:19:45
1342,76,finance,inconv,cf,syn,nursery,CTGAN,8,xgboost,2025-02-28 09:19:45
1342,77,finance,convenient,cf,syn,nursery,CTGAN,8,xgboost,2025-02-28 09:19:45
1342,78,finance,convenient,cf,syn,nursery,CTGAN,8,xgboost,2025-02-28 09:19:45
1342,79,finance,convenient,cf,syn,nursery,CTGAN,8,xgboost,2025-02-28 09:19:45
1342,80,finance,convenient,cf,syn,nursery,CTGAN,8,xgboost,2025-02-28 09:19:45
1342,81,finance,convenient,cf,syn,nursery,CTGAN,8,xgboost,2025-02-28 09:19:45
1342,82,finance,convenient,cf,syn,nursery,CTGAN,8,xgboost,2025-02-28 09:19:45
1342,83,finance,convenient,cf,syn,nursery,CTGAN,8,xgboost,2025-02-28 09:19:45
1342,84,finance,convenient,cf,syn,nursery,CTGAN,8,xgboost,2025-02-28 09:19:45
1342,85,finance,inconv,cf,syn,nursery,CTGAN,8,xgboost,2025-02-28 09:19:45
1342,86,finance,convenient,cf,syn,nursery,CTGAN,8,xgboost,2025-02-28 09:19:45
1342,87,finance,convenient,cf,syn,nursery,CTGAN,8,xgboost,2025-02-28 09:19:45
1342,88,finance,convenient,cf,syn,nursery,CTGAN,8,xgboost,2025-02-28 09:19:45
1342,89,finance,convenient,cf,syn,nursery,CTGAN,8,xgboost,2025-02-28 09:19:45
1342,90,finance,convenient,cf,syn,nursery,CTGAN,8,xgboost,2025-02-28 09:19:45
1342,91,finance,convenient,cf,syn,nursery,CTGAN,8,xgboost,2025-02-28 09:19:45
1342,92,finance,convenient,cf,syn,nursery,CTGAN,8,xgboost,2025-02-28 09:19:45
1342,93,finance,convenient,cf,syn,nursery,CTGAN,8,xgboost,2025-02-28 09:19:45
1342,94,finance,convenient,cf,syn,nursery,CTGAN,8,xgboost,2025-02-28 09:19:45
1342,95,finance,convenient,cf,syn,nursery,CTGAN,8,xgboost,2025-02-28 09:19:45
1342,96,finance,convenient,cf,syn,nursery,CTGAN,8,xgboost,2025-02-28 09:19:45
1342,97,finance,convenient,cf,syn,nursery,CTGAN,8,xgboost,2025-02-28 09:19:45
1342,98,finance,convenient,cf,syn,nursery,CTGAN,8,xgboost,2025-02-28 09:19:45
1342,99,finance,convenient,cf,syn,nursery,CTGAN,8,xgboost,2025-02-28 09:19:45
1342,100,finance,convenient,cf,syn,nursery,CTGAN,8,xgboost,2025-02-28 09:19:45
1342,1,social,nonprob,cf,syn,nursery,CTGAN,8,xgboost,2025-02-28 09:19:45
1342,2,social,nonprob,cf,syn,nursery,CTGAN,8,xgboost,2025-02-28 09:19:45
1342,3,social,nonprob,cf,syn,nursery,CTGAN,8,xgboost,2025-02-28 09:19:45
1342,4,social,nonprob,cf,syn,nursery,CTGAN,8,xgboost,2025-02-28 09:19:45
1342,5,social,nonprob,cf,syn,nursery,CTGAN,8,xgboost,2025-02-28 09:19:45
1342,6,social,nonprob,cf,syn,nursery,CTGAN,8,xgboost,2025-02-28 09:19:45
1342,7,social,nonprob,cf,syn,nursery,CTGAN,8,xgboost,2025-02-28 09:19:45
1342,8,social,nonprob,cf,syn,nursery,CTGAN,8,xgboost,2025-02-28 09:19:45
1342,9,social,nonprob,cf,syn,nursery,CTGAN,8,xgboost,2025-02-28 09:19:45
1342,10,social,nonprob,cf,syn,nursery,CTGAN,8,xgboost,2025-02-28 09:19:45
1342,11,social,nonprob,cf,syn,nursery,CTGAN,8,xgboost,2025-02-28 09:19:45
1342,12,social,nonprob,cf,syn,nursery,CTGAN,8,xgboost,2025-02-28 09:19:45
1342,13,social,nonprob,cf,syn,nursery,CTGAN,8,xgboost,2025-02-28 09:19:45
1342,14,social,nonprob,cf,syn,nursery,CTGAN,8,xgboost,2025-02-28 09:19:45
1342,15,social,nonprob,cf,syn,nursery,CTGAN,8,xgboost,2025-02-28 09:19:45
1342,16,social,nonprob,cf,syn,nursery,CTGAN,8,xgboost,2025-02-28 09:19:45
1342,17,social,nonprob,cf,syn,nursery,CTGAN,8,xgboost,2025-02-28 09:19:45
1342,18,social,nonprob,cf,syn,nursery,CTGAN,8,xgboost,2025-02-28 09:19:45
1342,19,social,nonprob,cf,syn,nursery,CTGAN,8,xgboost,2025-02-28 09:19:45
1342,20,social,problematic,cf,syn,nursery,CTGAN,8,xgboost,2025-02-28 09:19:45
1342,21,social,nonprob,cf,syn,nursery,CTGAN,8,xgboost,2025-02-28 09:19:45
1342,22,social,slightly_prob,cf,syn,nursery,CTGAN,8,xgboost,2025-02-28 09:19:45
1342,23,social,problematic,cf,syn,nursery,CTGAN,8,xgboost,2025-02-28 09:19:45
1342,24,social,nonprob,cf,syn,nursery,CTGAN,8,xgboost,2025-02-28 09:19:45
1342,25,social,nonprob,cf,syn,nursery,CTGAN,8,xgboost,2025-02-28 09:19:45
1342,26,social,nonprob,cf,syn,nursery,CTGAN,8,xgboost,2025-02-28 09:19:45
1342,27,social,nonprob,cf,syn,nursery,CTGAN,8,xgboost,2025-02-28 09:19:45
1342,28,social,nonprob,cf,syn,nursery,CTGAN,8,xgboost,2025-02-28 09:19:45
1342,29,social,nonprob,cf,syn,nursery,CTGAN,8,xgboost,2025-02-28 09:19:45
1342,30,social,nonprob,cf,syn,nursery,CTGAN,8,xgboost,2025-02-28 09:19:45
1342,31,social,problematic,cf,syn,nursery,CTGAN,8,xgboost,2025-02-28 09:19:45
1342,32,social,nonprob,cf,syn,nursery,CTGAN,8,xgboost,2025-02-28 09:19:45
1342,33,social,nonprob,cf,syn,nursery,CTGAN,8,xgboost,2025-02-28 09:19:45
1342,34,social,problematic,cf,syn,nursery,CTGAN,8,xgboost,2025-02-28 09:19:45
1342,35,social,nonprob,cf,syn,nursery,CTGAN,8,xgboost,2025-02-28 09:19:45
1342,36,social,nonprob,cf,syn,nursery,CTGAN,8,xgboost,2025-02-28 09:19:45
1342,37,social,nonprob,cf,syn,nursery,CTGAN,8,xgboost,2025-02-28 09:19:45
1342,38,social,nonprob,cf,syn,nursery,CTGAN,8,xgboost,2025-02-28 09:19:45
1342,39,social,nonprob,cf,syn,nursery,CTGAN,8,xgboost,2025-02-28 09:19:45
1342,40,social,problematic,cf,syn,nursery,CTGAN,8,xgboost,2025-02-28 09:19:45
1342,41,social,nonprob,cf,syn,nursery,CTGAN,8,xgboost,2025-02-28 09:19:45
1342,42,social,problematic,cf,syn,nursery,CTGAN,8,xgboost,2025-02-28 09:19:45
1342,43,social,slightly_prob,cf,syn,nursery,CTGAN,8,xgboost,2025-02-28 09:19:45
1342,44,social,nonprob,cf,syn,nursery,CTGAN,8,xgboost,2025-02-28 09:19:45
1342,45,social,slightly_prob,cf,syn,nursery,CTGAN,8,xgboost,2025-02-28 09:19:45
1342,46,social,nonprob,cf,syn,nursery,CTGAN,8,xgboost,2025-02-28 09:19:45
1342,47,social,nonprob,cf,syn,nursery,CTGAN,8,xgboost,2025-02-28 09:19:45
1342,48,social,problematic,cf,syn,nursery,CTGAN,8,xgboost,2025-02-28 09:19:45
1342,49,social,slightly_prob,cf,syn,nursery,CTGAN,8,xgboost,2025-02-28 09:19:45
1342,50,social,problematic,cf,syn,nursery,CTGAN,8,xgboost,2025-02-28 09:19:45
1342,51,social,nonprob,cf,syn,nursery,CTGAN,8,xgboost,2025-02-28 09:19:45
1342,52,social,nonprob,cf,syn,nursery,CTGAN,8,xgboost,2025-02-28 09:19:45
1342,53,social,problematic,cf,syn,nursery,CTGAN,8,xgboost,2025-02-28 09:19:45
1342,54,social,problematic,cf,syn,nursery,CTGAN,8,xgboost,2025-02-28 09:19:45
1342,55,social,slightly_prob,cf,syn,nursery,CTGAN,8,xgboost,2025-02-28 09:19:45
1342,56,social,problematic,cf,syn,nursery,CTGAN,8,xgboost,2025-02-28 09:19:45
1342,57,social,nonprob,cf,syn,nursery,CTGAN,8,xgboost,2025-02-28 09:19:45
1342,58,social,slightly_prob,cf,syn,nursery,CTGAN,8,xgboost,2025-02-28 09:19:45
1342,59,social,nonprob,cf,syn,nursery,CTGAN,8,xgboost,2025-02-28 09:19:45
1342,60,social,nonprob,cf,syn,nursery,CTGAN,8,xgboost,2025-02-28 09:19:45
1342,61,social,nonprob,cf,syn,nursery,CTGAN,8,xgboost,2025-02-28 09:19:45
1342,62,social,nonprob,cf,syn,nursery,CTGAN,8,xgboost,2025-02-28 09:19:45
1342,63,social,nonprob,cf,syn,nursery,CTGAN,8,xgboost,2025-02-28 09:19:45
1342,64,social,slightly_prob,cf,syn,nursery,CTGAN,8,xgboost,2025-02-28 09:19:45
1342,65,social,nonprob,cf,syn,nursery,CTGAN,8,xgboost,2025-02-28 09:19:45
1342,66,social,slightly_prob,cf,syn,nursery,CTGAN,8,xgboost,2025-02-28 09:19:45
1342,67,social,problematic,cf,syn,nursery,CTGAN,8,xgboost,2025-02-28 09:19:45
1342,68,social,nonprob,cf,syn,nursery,CTGAN,8,xgboost,2025-02-28 09:19:45
1342,69,social,nonprob,cf,syn,nursery,CTGAN,8,xgboost,2025-02-28 09:19:45
1342,70,social,nonprob,cf,syn,nursery,CTGAN,8,xgboost,2025-02-28 09:19:45
1342,71,social,nonprob,cf,syn,nursery,CTGAN,8,xgboost,2025-02-28 09:19:45
1342,72,social,nonprob,cf,syn,nursery,CTGAN,8,xgboost,2025-02-28 09:19:45
1342,73,social,slightly_prob,cf,syn,nursery,CTGAN,8,xgboost,2025-02-28 09:19:45
1342,74,social,nonprob,cf,syn,nursery,CTGAN,8,xgboost,2025-02-28 09:19:45
1342,75,social,slightly_prob,cf,syn,nursery,CTGAN,8,xgboost,2025-02-28 09:19:45
1342,76,social,nonprob,cf,syn,nursery,CTGAN,8,xgboost,2025-02-28 09:19:45
1342,77,social,nonprob,cf,syn,nursery,CTGAN,8,xgboost,2025-02-28 09:19:45
1342,78,social,nonprob,cf,syn,nursery,CTGAN,8,xgboost,2025-02-28 09:19:45
1342,79,social,problematic,cf,syn,nursery,CTGAN,8,xgboost,2025-02-28 09:19:45
1342,80,social,nonprob,cf,syn,nursery,CTGAN,8,xgboost,2025-02-28 09:19:45
1342,81,social,problematic,cf,syn,nursery,CTGAN,8,xgboost,2025-02-28 09:19:45
1342,82,social,nonprob,cf,syn,nursery,CTGAN,8,xgboost,2025-02-28 09:19:45
1342,83,social,nonprob,cf,syn,nursery,CTGAN,8,xgboost,2025-02-28 09:19:45
1342,84,social,problematic,cf,syn,nursery,CTGAN,8,xgboost,2025-02-28 09:19:45
1342,85,social,nonprob,cf,syn,nursery,CTGAN,8,xgboost,2025-02-28 09:19:45
1342,86,social,nonprob,cf,syn,nursery,CTGAN,8,xgboost,2025-02-28 09:19:45
1342,87,social,nonprob,cf,syn,nursery,CTGAN,8,xgboost,2025-02-28 09:19:45
1342,88,social,nonprob,cf,syn,nursery,CTGAN,8,xgboost,2025-02-28 09:19:45
1342,89,social,nonprob,cf,syn,nursery,CTGAN,8,xgboost,2025-02-28 09:19:45
1342,90,social,nonprob,cf,syn,nursery,CTGAN,8,xgboost,2025-02-28 09:19:45
1342,91,social,nonprob,cf,syn,nursery,CTGAN,8,xgboost,2025-02-28 09:19:45
1342,92,social,nonprob,cf,syn,nursery,CTGAN,8,xgboost,2025-02-28 09:19:45
1342,93,social,nonprob,cf,syn,nursery,CTGAN,8,xgboost,2025-02-28 09:19:45
1342,94,social,nonprob,cf,syn,nursery,CTGAN,8,xgboost,2025-02-28 09:19:45
1342,95,social,nonprob,cf,syn,nursery,CTGAN,8,xgboost,2025-02-28 09:19:45
1342,96,social,nonprob,cf,syn,nursery,CTGAN,8,xgboost,2025-02-28 09:19:45
1342,97,social,problematic,cf,syn,nursery,CTGAN,8,xgboost,2025-02-28 09:19:45
1342,98,social,nonprob,cf,syn,nursery,CTGAN,8,xgboost,2025-02-28 09:19:45
1342,99,social,nonprob,cf,syn,nursery,CTGAN,8,xgboost,2025-02-28 09:19:45
1342,100,social,problematic,cf,syn,nursery,CTGAN,8,xgboost,2025-02-28 09:19:45
1342,1,health,recommended,cf,syn,nursery,CTGAN,8,xgboost,2025-02-28 09:19:45
1342,2,health,recommended,cf,syn,nursery,CTGAN,8,xgboost,2025-02-28 09:19:45
1342,3,health,recommended,cf,syn,nursery,CTGAN,8,xgboost,2025-02-28 09:19:45
1342,4,health,recommended,cf,syn,nursery,CTGAN,8,xgboost,2025-02-28 09:19:45
1342,5,health,recommended,cf,syn,nursery,CTGAN,8,xgboost,2025-02-28 09:19:45
1342,6,health,recommended,cf,syn,nursery,CTGAN,8,xgboost,2025-02-28 09:19:45
1342,7,health,recommended,cf,syn,nursery,CTGAN,8,xgboost,2025-02-28 09:19:45
1342,8,health,recommended,cf,syn,nursery,CTGAN,8,xgboost,2025-02-28 09:19:45
1342,9,health,recommended,cf,syn,nursery,CTGAN,8,xgboost,2025-02-28 09:19:45
1342,10,health,recommended,cf,syn,nursery,CTGAN,8,xgboost,2025-02-28 09:19:45
1342,11,health,recommended,cf,syn,nursery,CTGAN,8,xgboost,2025-02-28 09:19:45
1342,12,health,recommended,cf,syn,nursery,CTGAN,8,xgboost,2025-02-28 09:19:45
1342,13,health,recommended,cf,syn,nursery,CTGAN,8,xgboost,2025-02-28 09:19:45
1342,14,health,recommended,cf,syn,nursery,CTGAN,8,xgboost,2025-02-28 09:19:45
1342,15,health,recommended,cf,syn,nursery,CTGAN,8,xgboost,2025-02-28 09:19:45
1342,16,health,recommended,cf,syn,nursery,CTGAN,8,xgboost,2025-02-28 09:19:45
1342,17,health,recommended,cf,syn,nursery,CTGAN,8,xgboost,2025-02-28 09:19:45
1342,18,health,recommended,cf,syn,nursery,CTGAN,8,xgboost,2025-02-28 09:19:45
1342,19,health,recommended,cf,syn,nursery,CTGAN,8,xgboost,2025-02-28 09:19:45
1342,20,health,recommended,cf,syn,nursery,CTGAN,8,xgboost,2025-02-28 09:19:45
1342,21,health,recommended,cf,syn,nursery,CTGAN,8,xgboost,2025-02-28 09:19:45
1342,22,health,priority,cf,syn,nursery,CTGAN,8,xgboost,2025-02-28 09:19:45
1342,23,health,recommended,cf,syn,nursery,CTGAN,8,xgboost,2025-02-28 09:19:45
1342,24,health,recommended,cf,syn,nursery,CTGAN,8,xgboost,2025-02-28 09:19:45
1342,25,health,recommended,cf,syn,nursery,CTGAN,8,xgboost,2025-02-28 09:19:45
1342,26,health,recommended,cf,syn,nursery,CTGAN,8,xgboost,2025-02-28 09:19:45
1342,27,health,recommended,cf,syn,nursery,CTGAN,8,xgboost,2025-02-28 09:19:45
1342,28,health,recommended,cf,syn,nursery,CTGAN,8,xgboost,2025-02-28 09:19:45
1342,29,health,recommended,cf,syn,nursery,CTGAN,8,xgboost,2025-02-28 09:19:45
1342,30,health,priority,cf,syn,nursery,CTGAN,8,xgboost,2025-02-28 09:19:45
1342,31,health,recommended,cf,syn,nursery,CTGAN,8,xgboost,2025-02-28 09:19:45
1342,32,health,priority,cf,syn,nursery,CTGAN,8,xgboost,2025-02-28 09:19:45
1342,33,health,recommended,cf,syn,nursery,CTGAN,8,xgboost,2025-02-28 09:19:45
1342,34,health,recommended,cf,syn,nursery,CTGAN,8,xgboost,2025-02-28 09:19:45
1342,35,health,priority,cf,syn,nursery,CTGAN,8,xgboost,2025-02-28 09:19:45
1342,36,health,priority,cf,syn,nursery,CTGAN,8,xgboost,2025-02-28 09:19:45
1342,37,health,recommended,cf,syn,nursery,CTGAN,8,xgboost,2025-02-28 09:19:45
1342,38,health,priority,cf,syn,nursery,CTGAN,8,xgboost,2025-02-28 09:19:45
1342,39,health,priority,cf,syn,nursery,CTGAN,8,xgboost,2025-02-28 09:19:45
1342,40,health,recommended,cf,syn,nursery,CTGAN,8,xgboost,2025-02-28 09:19:45
1342,41,health,priority,cf,syn,nursery,CTGAN,8,xgboost,2025-02-28 09:19:45
1342,42,health,recommended,cf,syn,nursery,CTGAN,8,xgboost,2025-02-28 09:19:45
1342,43,health,recommended,cf,syn,nursery,CTGAN,8,xgboost,2025-02-28 09:19:45
1342,44,health,recommended,cf,syn,nursery,CTGAN,8,xgboost,2025-02-28 09:19:45
1342,45,health,priority,cf,syn,nursery,CTGAN,8,xgboost,2025-02-28 09:19:45
1342,46,health,priority,cf,syn,nursery,CTGAN,8,xgboost,2025-02-28 09:19:45
1342,47,health,priority,cf,syn,nursery,CTGAN,8,xgboost,2025-02-28 09:19:45
1342,48,health,recommended,cf,syn,nursery,CTGAN,8,xgboost,2025-02-28 09:19:45
1342,49,health,recommended,cf,syn,nursery,CTGAN,8,xgboost,2025-02-28 09:19:45
1342,50,health,recommended,cf,syn,nursery,CTGAN,8,xgboost,2025-02-28 09:19:45
1342,51,health,priority,cf,syn,nursery,CTGAN,8,xgboost,2025-02-28 09:19:45
1342,52,health,recommended,cf,syn,nursery,CTGAN,8,xgboost,2025-02-28 09:19:45
1342,53,health,priority,cf,syn,nursery,CTGAN,8,xgboost,2025-02-28 09:19:45
1342,54,health,recommended,cf,syn,nursery,CTGAN,8,xgboost,2025-02-28 09:19:45
1342,55,health,recommended,cf,syn,nursery,CTGAN,8,xgboost,2025-02-28 09:19:45
1342,56,health,recommended,cf,syn,nursery,CTGAN,8,xgboost,2025-02-28 09:19:45
1342,57,health,recommended,cf,syn,nursery,CTGAN,8,xgboost,2025-02-28 09:19:45
1342,58,health,recommended,cf,syn,nursery,CTGAN,8,xgboost,2025-02-28 09:19:45
1342,59,health,recommended,cf,syn,nursery,CTGAN,8,xgboost,2025-02-28 09:19:45
1342,60,health,recommended,cf,syn,nursery,CTGAN,8,xgboost,2025-02-28 09:19:45
1342,61,health,priority,cf,syn,nursery,CTGAN,8,xgboost,2025-02-28 09:19:45
1342,62,health,priority,cf,syn,nursery,CTGAN,8,xgboost,2025-02-28 09:19:45
1342,63,health,recommended,cf,syn,nursery,CTGAN,8,xgboost,2025-02-28 09:19:45
1342,64,health,priority,cf,syn,nursery,CTGAN,8,xgboost,2025-02-28 09:19:45
1342,65,health,priority,cf,syn,nursery,CTGAN,8,xgboost,2025-02-28 09:19:45
1342,66,health,recommended,cf,syn,nursery,CTGAN,8,xgboost,2025-02-28 09:19:45
1342,67,health,recommended,cf,syn,nursery,CTGAN,8,xgboost,2025-02-28 09:19:45
1342,68,health,recommended,cf,syn,nursery,CTGAN,8,xgboost,2025-02-28 09:19:45
1342,69,health,priority,cf,syn,nursery,CTGAN,8,xgboost,2025-02-28 09:19:45
1342,70,health,priority,cf,syn,nursery,CTGAN,8,xgboost,2025-02-28 09:19:45
1342,71,health,recommended,cf,syn,nursery,CTGAN,8,xgboost,2025-02-28 09:19:45
1342,72,health,priority,cf,syn,nursery,CTGAN,8,xgboost,2025-02-28 09:19:45
1342,73,health,recommended,cf,syn,nursery,CTGAN,8,xgboost,2025-02-28 09:19:45
1342,74,health,priority,cf,syn,nursery,CTGAN,8,xgboost,2025-02-28 09:19:45
1342,75,health,priority,cf,syn,nursery,CTGAN,8,xgboost,2025-02-28 09:19:45
1342,76,health,recommended,cf,syn,nursery,CTGAN,8,xgboost,2025-02-28 09:19:45
1342,77,health,recommended,cf,syn,nursery,CTGAN,8,xgboost,2025-02-28 09:19:45
1342,78,health,recommended,cf,syn,nursery,CTGAN,8,xgboost,2025-02-28 09:19:45
1342,79,health,recommended,cf,syn,nursery,CTGAN,8,xgboost,2025-02-28 09:19:45
1342,80,health,recommended,cf,syn,nursery,CTGAN,8,xgboost,2025-02-28 09:19:45
1342,81,health,recommended,cf,syn,nursery,CTGAN,8,xgboost,2025-02-28 09:19:45
1342,82,health,recommended,cf,syn,nursery,CTGAN,8,xgboost,2025-02-28 09:19:45
1342,83,health,priority,cf,syn,nursery,CTGAN,8,xgboost,2025-02-28 09:19:45
1342,84,health,recommended,cf,syn,nursery,CTGAN,8,xgboost,2025-02-28 09:19:45
1342,85,health,priority,cf,syn,nursery,CTGAN,8,xgboost,2025-02-28 09:19:45
1342,86,health,recommended,cf,syn,nursery,CTGAN,8,xgboost,2025-02-28 09:19:45
1342,87,health,recommended,cf,syn,nursery,CTGAN,8,xgboost,2025-02-28 09:19:45
1342,88,health,recommended,cf,syn,nursery,CTGAN,8,xgboost,2025-02-28 09:19:45
1342,89,health,priority,cf,syn,nursery,CTGAN,8,xgboost,2025-02-28 09:19:45
1342,90,health,priority,cf,syn,nursery,CTGAN,8,xgboost,2025-02-28 09:19:45
1342,91,health,recommended,cf,syn,nursery,CTGAN,8,xgboost,2025-02-28 09:19:45
1342,92,health,recommended,cf,syn,nursery,CTGAN,8,xgboost,2025-02-28 09:19:45
1342,93,health,priority,cf,syn,nursery,CTGAN,8,xgboost,2025-02-28 09:19:45
1342,94,health,recommended,cf,syn,nursery,CTGAN,8,xgboost,2025-02-28 09:19:45
1342,95,health,priority,cf,syn,nursery,CTGAN,8,xgboost,2025-02-28 09:19:45
1342,96,health,recommended,cf,syn,nursery,CTGAN,8,xgboost,2025-02-28 09:19:45
1342,97,health,recommended,cf,syn,nursery,CTGAN,8,xgboost,2025-02-28 09:19:45
1342,98,health,priority,cf,syn,nursery,CTGAN,8,xgboost,2025-02-28 09:19:45
1342,99,health,recommended,cf,syn,nursery,CTGAN,8,xgboost,2025-02-28 09:19:45
1342,100,health,recommended,cf,syn,nursery,CTGAN,8,xgboost,2025-02-28 09:19:45
1342,1,class,spec_prior,cf,syn,nursery,CTGAN,8,xgboost,2025-02-28 09:19:45
1342,2,class,spec_prior,cf,syn,nursery,CTGAN,8,xgboost,2025-02-28 09:19:45
1342,3,class,spec_prior,cf,syn,nursery,CTGAN,8,xgboost,2025-02-28 09:19:45
1342,4,class,spec_prior,cf,syn,nursery,CTGAN,8,xgboost,2025-02-28 09:19:45
1342,5,class,spec_prior,cf,syn,nursery,CTGAN,8,xgboost,2025-02-28 09:19:45
1342,6,class,spec_prior,cf,syn,nursery,CTGAN,8,xgboost,2025-02-28 09:19:45
1342,7,class,spec_prior,cf,syn,nursery,CTGAN,8,xgboost,2025-02-28 09:19:45
1342,8,class,spec_prior,cf,syn,nursery,CTGAN,8,xgboost,2025-02-28 09:19:45
1342,9,class,spec_prior,cf,syn,nursery,CTGAN,8,xgboost,2025-02-28 09:19:45
1342,10,class,priority,cf,syn,nursery,CTGAN,8,xgboost,2025-02-28 09:19:45
1342,11,class,spec_prior,cf,syn,nursery,CTGAN,8,xgboost,2025-02-28 09:19:45
1342,12,class,spec_prior,cf,syn,nursery,CTGAN,8,xgboost,2025-02-28 09:19:45
1342,13,class,spec_prior,cf,syn,nursery,CTGAN,8,xgboost,2025-02-28 09:19:45
1342,14,class,spec_prior,cf,syn,nursery,CTGAN,8,xgboost,2025-02-28 09:19:45
1342,15,class,spec_prior,cf,syn,nursery,CTGAN,8,xgboost,2025-02-28 09:19:45
1342,16,class,priority,cf,syn,nursery,CTGAN,8,xgboost,2025-02-28 09:19:45
1342,17,class,spec_prior,cf,syn,nursery,CTGAN,8,xgboost,2025-02-28 09:19:45
1342,18,class,spec_prior,cf,syn,nursery,CTGAN,8,xgboost,2025-02-28 09:19:45
1342,19,class,spec_prior,cf,syn,nursery,CTGAN,8,xgboost,2025-02-28 09:19:45
1342,20,class,spec_prior,cf,syn,nursery,CTGAN,8,xgboost,2025-02-28 09:19:45
1342,21,class,priority,cf,syn,nursery,CTGAN,8,xgboost,2025-02-28 09:19:45
1342,22,class,spec_prior,cf,syn,nursery,CTGAN,8,xgboost,2025-02-28 09:19:45
1342,23,class,spec_prior,cf,syn,nursery,CTGAN,8,xgboost,2025-02-28 09:19:45
1342,24,class,spec_prior,cf,syn,nursery,CTGAN,8,xgboost,2025-02-28 09:19:45
1342,25,class,spec_prior,cf,syn,nursery,CTGAN,8,xgboost,2025-02-28 09:19:45
1342,26,class,spec_prior,cf,syn,nursery,CTGAN,8,xgboost,2025-02-28 09:19:45
1342,27,class,spec_prior,cf,syn,nursery,CTGAN,8,xgboost,2025-02-28 09:19:45
1342,28,class,spec_prior,cf,syn,nursery,CTGAN,8,xgboost,2025-02-28 09:19:45
1342,29,class,spec_prior,cf,syn,nursery,CTGAN,8,xgboost,2025-02-28 09:19:45
1342,30,class,spec_prior,cf,syn,nursery,CTGAN,8,xgboost,2025-02-28 09:19:45
1342,31,class,spec_prior,cf,syn,nursery,CTGAN,8,xgboost,2025-02-28 09:19:45
1342,32,class,spec_prior,cf,syn,nursery,CTGAN,8,xgboost,2025-02-28 09:19:45
1342,33,class,priority,cf,syn,nursery,CTGAN,8,xgboost,2025-02-28 09:19:45
1342,34,class,spec_prior,cf,syn,nursery,CTGAN,8,xgboost,2025-02-28 09:19:45
1342,35,class,spec_prior,cf,syn,nursery,CTGAN,8,xgboost,2025-02-28 09:19:45
1342,36,class,spec_prior,cf,syn,nursery,CTGAN,8,xgboost,2025-02-28 09:19:45
1342,37,class,priority,cf,syn,nursery,CTGAN,8,xgboost,2025-02-28 09:19:45
1342,38,class,spec_prior,cf,syn,nursery,CTGAN,8,xgboost,2025-02-28 09:19:45
1342,39,class,spec_prior,cf,syn,nursery,CTGAN,8,xgboost,2025-02-28 09:19:45
1342,40,class,spec_prior,cf,syn,nursery,CTGAN,8,xgboost,2025-02-28 09:19:45
1342,41,class,spec_prior,cf,syn,nursery,CTGAN,8,xgboost,2025-02-28 09:19:45
1342,42,class,spec_prior,cf,syn,nursery,CTGAN,8,xgboost,2025-02-28 09:19:45
1342,43,class,spec_prior,cf,syn,nursery,CTGAN,8,xgboost,2025-02-28 09:19:45
1342,44,class,spec_prior,cf,syn,nursery,CTGAN,8,xgboost,2025-02-28 09:19:45
1342,45,class,spec_prior,cf,syn,nursery,CTGAN,8,xgboost,2025-02-28 09:19:45
1342,46,class,spec_prior,cf,syn,nursery,CTGAN,8,xgboost,2025-02-28 09:19:45
1342,47,class,spec_prior,cf,syn,nursery,CTGAN,8,xgboost,2025-02-28 09:19:45
1342,48,class,spec_prior,cf,syn,nursery,CTGAN,8,xgboost,2025-02-28 09:19:45
1342,49,class,spec_prior,cf,syn,nursery,CTGAN,8,xgboost,2025-02-28 09:19:45
1342,50,class,spec_prior,cf,syn,nursery,CTGAN,8,xgboost,2025-02-28 09:19:45
1342,51,class,spec_prior,cf,syn,nursery,CTGAN,8,xgboost,2025-02-28 09:19:45
1342,52,class,spec_prior,cf,syn,nursery,CTGAN,8,xgboost,2025-02-28 09:19:45
1342,53,class,spec_prior,cf,syn,nursery,CTGAN,8,xgboost,2025-02-28 09:19:45
1342,54,class,spec_prior,cf,syn,nursery,CTGAN,8,xgboost,2025-02-28 09:19:45
1342,55,class,spec_prior,cf,syn,nursery,CTGAN,8,xgboost,2025-02-28 09:19:45
1342,56,class,spec_prior,cf,syn,nursery,CTGAN,8,xgboost,2025-02-28 09:19:45
1342,57,class,spec_prior,cf,syn,nursery,CTGAN,8,xgboost,2025-02-28 09:19:45
1342,58,class,spec_prior,cf,syn,nursery,CTGAN,8,xgboost,2025-02-28 09:19:45
1342,59,class,spec_prior,cf,syn,nursery,CTGAN,8,xgboost,2025-02-28 09:19:45
1342,60,class,spec_prior,cf,syn,nursery,CTGAN,8,xgboost,2025-02-28 09:19:45
1342,61,class,spec_prior,cf,syn,nursery,CTGAN,8,xgboost,2025-02-28 09:19:45
1342,62,class,spec_prior,cf,syn,nursery,CTGAN,8,xgboost,2025-02-28 09:19:45
1342,63,class,spec_prior,cf,syn,nursery,CTGAN,8,xgboost,2025-02-28 09:19:45
1342,64,class,spec_prior,cf,syn,nursery,CTGAN,8,xgboost,2025-02-28 09:19:45
1342,65,class,spec_prior,cf,syn,nursery,CTGAN,8,xgboost,2025-02-28 09:19:45
1342,66,class,spec_prior,cf,syn,nursery,CTGAN,8,xgboost,2025-02-28 09:19:45
1342,67,class,spec_prior,cf,syn,nursery,CTGAN,8,xgboost,2025-02-28 09:19:45
1342,68,class,spec_prior,cf,syn,nursery,CTGAN,8,xgboost,2025-02-28 09:19:45
1342,69,class,spec_prior,cf,syn,nursery,CTGAN,8,xgboost,2025-02-28 09:19:45
1342,70,class,spec_prior,cf,syn,nursery,CTGAN,8,xgboost,2025-02-28 09:19:45
1342,71,class,priority,cf,syn,nursery,CTGAN,8,xgboost,2025-02-28 09:19:45
1342,72,class,spec_prior,cf,syn,nursery,CTGAN,8,xgboost,2025-02-28 09:19:45
1342,73,class,spec_prior,cf,syn,nursery,CTGAN,8,xgboost,2025-02-28 09:19:45
1342,74,class,spec_prior,cf,syn,nursery,CTGAN,8,xgboost,2025-02-28 09:19:45
1342,75,class,spec_prior,cf,syn,nursery,CTGAN,8,xgboost,2025-02-28 09:19:45
1342,76,class,spec_prior,cf,syn,nursery,CTGAN,8,xgboost,2025-02-28 09:19:45
1342,77,class,spec_prior,cf,syn,nursery,CTGAN,8,xgboost,2025-02-28 09:19:45
1342,78,class,priority,cf,syn,nursery,CTGAN,8,xgboost,2025-02-28 09:19:45
1342,79,class,spec_prior,cf,syn,nursery,CTGAN,8,xgboost,2025-02-28 09:19:45
1342,80,class,spec_prior,cf,syn,nursery,CTGAN,8,xgboost,2025-02-28 09:19:45
1342,81,class,spec_prior,cf,syn,nursery,CTGAN,8,xgboost,2025-02-28 09:19:45
1342,82,class,spec_prior,cf,syn,nursery,CTGAN,8,xgboost,2025-02-28 09:19:45
1342,83,class,spec_prior,cf,syn,nursery,CTGAN,8,xgboost,2025-02-28 09:19:45
1342,84,class,spec_prior,cf,syn,nursery,CTGAN,8,xgboost,2025-02-28 09:19:45
1342,85,class,spec_prior,cf,syn,nursery,CTGAN,8,xgboost,2025-02-28 09:19:45
1342,86,class,spec_prior,cf,syn,nursery,CTGAN,8,xgboost,2025-02-28 09:19:45
1342,87,class,spec_prior,cf,syn,nursery,CTGAN,8,xgboost,2025-02-28 09:19:45
1342,88,class,spec_prior,cf,syn,nursery,CTGAN,8,xgboost,2025-02-28 09:19:45
1342,89,class,spec_prior,cf,syn,nursery,CTGAN,8,xgboost,2025-02-28 09:19:45
1342,90,class,spec_prior,cf,syn,nursery,CTGAN,8,xgboost,2025-02-28 09:19:45
1342,91,class,spec_prior,cf,syn,nursery,CTGAN,8,xgboost,2025-02-28 09:19:45
1342,92,class,priority,cf,syn,nursery,CTGAN,8,xgboost,2025-02-28 09:19:45
1342,93,class,spec_prior,cf,syn,nursery,CTGAN,8,xgboost,2025-02-28 09:19:45
1342,94,class,priority,cf,syn,nursery,CTGAN,8,xgboost,2025-02-28 09:19:45
1342,95,class,spec_prior,cf,syn,nursery,CTGAN,8,xgboost,2025-02-28 09:19:45
1342,96,class,priority,cf,syn,nursery,CTGAN,8,xgboost,2025-02-28 09:19:45
1342,97,class,spec_prior,cf,syn,nursery,CTGAN,8,xgboost,2025-02-28 09:19:45
1342,98,class,spec_prior,cf,syn,nursery,CTGAN,8,xgboost,2025-02-28 09:19:45
1342,99,class,priority,cf,syn,nursery,CTGAN,8,xgboost,2025-02-28 09:19:45
1342,100,class,spec_prior,cf,syn,nursery,CTGAN,8,xgboost,2025-02-28 09:19:45
1342,,parents,pretentious,org,syn,nursery,CTGAN,8,xgboost,2025-02-28 09:19:45
1342,,has_nurs,critical,org,syn,nursery,CTGAN,8,xgboost,2025-02-28 09:19:45
1342,,form,complete,org,syn,nursery,CTGAN,8,xgboost,2025-02-28 09:19:45
1342,,children,1,org,syn,nursery,CTGAN,8,xgboost,2025-02-28 09:19:45
1342,,housing,less_conv,org,syn,nursery,CTGAN,8,xgboost,2025-02-28 09:19:45
1342,,finance,convenient,org,syn,nursery,CTGAN,8,xgboost,2025-02-28 09:19:45
1342,,social,nonprob,org,syn,nursery,CTGAN,8,xgboost,2025-02-28 09:19:45
1342,,health,recommended,org,syn,nursery,CTGAN,8,xgboost,2025-02-28 09:19:45
1342,,class,spec_prior,org,syn,nursery,CTGAN,8,xgboost,2025-02-28 09:19:45
